,Alabama,Alaska,Arizona,Arkansas,California,Colorado,Connecticut,Delaware,District of Columbia,Florida,Georgia (U.S. state),Hawaii,Idaho,Illinois,Indiana,Iowa,Kansas,Kentucky,Louisiana,Maine,Maryland,Massachusetts,Michigan,Minnesota,Mississippi,Missouri,Montana,Nebraska,Nevada,New Hampshire,New Jersey,New Mexico,New York,North Carolina,North Dakota,Ohio,Oklahoma,Oregon,Pennsylvania,Rhode Island,South Carolina,South Dakota,Tennessee,Texas,Utah,Vermont,Virginia,Washington,West Virginia,Wisconsin,Wyoming,Afghanistan,Albania,Algeria,Angola,Antigua and Barbuda,Argentina,Armenia,Aruba,Australia,Austria,Azerbaijan,The Bahamas,Bahrain,Bangladesh,Barbados,Belarus,Belgium,Belize,Benin,Bhutan,Bolivia,Bosnia and Herzegovina,Botswana,Brazil,Brunei,Bulgaria,Burkina Faso,Burundi,Cabo Verde,Cambodia,Cameroon,Canada,Central African Republic,Chad,Chile,China,Colombia,Comoros,Democratic Republic of the Congo,Republic of Congo,Costa Rica,Côte d'Ivoire,Croatia,Cyprus,Czech Republic,Denmark,Djibouti,Dominica,Dominican Republic,Ecuador,Egypt,El Salvador,Equatorial Guinea,Eritrea,Estonia,Eswatini,Ethiopia,Fiji,Finland,France,Gabon,The Gambia,Georgia,Germany,Ghana,Greece,Grenada,Guatemala,Guinea,Guinea-Bissau,Guyana,Haiti,Honduras,Hong Kong,Hungary,Iceland,India,Indonesia,Iran,Iraq,Ireland,Israel,Italy,Jamaica,Japan,Jordan,Kazakhstan,Kenya,Kiribati,South Korea,Kosovo,Kuwait,Kyrgyzstan,Laos,Latvia,Lebanon,Lesotho,Liberia,Libya,Lithuania,Luxembourg,Macau,Madagascar,Malawi,Malaysia,Maldives,Mali,Malta,Marshall Islands,Mauritania,Mauritius,Mexico,Micronesia,Moldova,Mongolia,Montenegro,Morocco,Mozambique,Myanmar,Namibia,Nauru,Nepal,Netherlands,New Zealand,Nicaragua,Niger,Nigeria,North Macedonia,Norway,Oman,Pakistan,Palau,Panama,Papua New Guinea,Paraguay,Peru,Philippines,Poland,Portugal,Puerto Rico,Qatar,Romania,Russia,Rwanda,Samoa,San Marino,São Tomé and Príncipe,Saudi Arabia,Senegal,Serbia,Seychelles,Sierra Leone,Singapore,Slovakia,Slovenia,Solomon Islands,Somalia,South Africa,South Sudan,Spain,Sri Lanka,St. Kitts and Nevis,St. Lucia,St. Vincent and the Grenadines,Sudan,Suriname,Sweden,Switzerland,Syria,Taiwan,Tajikistan,Tanzania,Thailand,Timor-Leste,Togo,Tonga,Trinidad and Tobago,Tunisia,Turkey,Turkmenistan,Tuvalu,Uganda,Ukraine,United Arab Emirates,United Kingdom,United States,Uruguay,Uzbekistan,Vanuatu,Venezuela,Vietnam,Yemen,Zambia,Zimbabwe,
1980,36142.0,15281.0,30764.0,20275.0,327958.0,38332.0,40770.0,7898.0,19862.0,97898.0,56228.0,13380.0,9915.0,145264.0,58870.0,34582.0,28298.0,37017.0,63925.0,10263.0,47522.0,69684.0,104134.0,50218.0,21353.0,52419.0,8924.0,18293.0,11633.0,9262.0,88333.0,15731.0,235746.0,58790.0,7645.0,121228.0,37608.0,30001.0,127180.0,9626.0,27606.0,6760.0,44972.0,203072.0,15311.0,4855.0,58668.0,52681.0,18408.0,52898.0,10428.0,0.0,1946.0,42346.0,6639.0,131.0,226569.0,0.0,0.0,162619.0,80923.0,0.0,2598.0,3593.0,22632.0,1018.0,0.0,124139.0,172.0,2302.0,127.0,3589.0,0.0,1175.0,145767.0,0.0,24974.0,2121.0,951.0,157.0,0.0,8193.0,276035.0,714.0,738.0,28829.0,305348.0,46342.0,242.0,68606.0,2083.0,4836.0,10040.0,0.0,2314.0,0.0,71127.0,0.0,73.0,8672.0,16840.0,23523.0,3912.0,32.0,0.0,0.0,754.0,7385.0,1303.0,53714.0,702243.0,4559.0,606.0,0.0,853705.0,38219.0,57010.0,111.0,7319.0,2400.0,171.0,559.0,1546.0,3508.0,28862.0,23038.0,3434.0,189438.0,99296.0,93531.0,0.0,21418.0,23809.0,482721.0,2565.0,1105386.0,3908.0,0.0,10099.0,42.0,67139.0,0.0,28724.0,0.0,1913.0,0.0,4018.0,470.0,0.0,38941.0,0.0,6460.0,0.0,4042.0,2146.0,26757.0,63.0,2031.0,0.0,0.0,0.0,1225.0,228606.0,0.0,0.0,3188.0,0.0,21998.0,5479.0,0.0,0.0,0.0,1980.0,193742.0,22520.0,1832.0,2509.0,0.0,0.0,64438.0,6342.0,30938.0,0.0,4104.0,4183.0,4094.0,20190.0,36045.0,56619.0,32607.0,14436.0,7829.0,46053.0,0.0,1259.0,124.0,0.0,69.0,164540.0,4435.0,0.0,147.0,1701.0,12082.0,0.0,0.0,177.0,0.0,82981.0,0.0,230189.0,5024.0,58.0,152.0,82.0,9095.0,1192.0,136602.0,118954.0,60043.0,42300.0,0.0,10873.0,33422.0,0.0,1479.0,74.0,6343.0,9566.0,96526.0,0.0,0.0,5769.0,0.0,40415.0,604678.0,2857325.0,11199.0,0.0,121.0,69841.0,27847.0,0.0,4246.0,0.0,
1981,40257.0,21823.0,34268.0,22890.0,368808.0,43974.0,45641.0,8838.0,21739.0,112166.0,63750.0,14639.0,10677.0,159649.0,64724.0,38272.0,31978.0,41068.0,77200.0,11255.0,53117.0,77833.0,114676.0,55404.0,24023.0,57762.0,10200.0,20863.0,13202.0,10480.0,98755.0,18511.0,261839.0,65868.0,9954.0,132781.0,45429.0,31590.0,138572.0,10729.0,31048.0,7661.0,50264.0,245235.0,17319.0,5435.0,66178.0,58918.0,19836.0,57494.0,12703.0,0.0,2229.0,44372.0,6214.0,148.0,184014.0,0.0,0.0,188057.0,70122.0,0.0,2692.0,4056.0,22057.0,1120.0,0.0,102792.0,179.0,1557.0,137.0,3440.0,0.0,1038.0,167523.0,0.0,26937.0,1846.0,989.0,154.0,0.0,9281.0,307243.0,743.0,873.0,34133.0,290827.0,50488.0,212.0,59726.0,1708.0,2626.0,8321.0,0.0,2242.0,0.0,61878.0,0.0,82.0,9698.0,17243.0,25760.0,3449.0,30.0,0.0,0.0,798.0,7578.0,1339.0,52620.0,618954.0,4111.0,579.0,0.0,718264.0,61792.0,52605.0,116.0,7995.0,2381.0,219.0,536.0,1702.0,3855.0,31055.0,23626.0,3544.0,196535.0,110848.0,101451.0,0.0,20416.0,25228.0,437760.0,2817.0,1218989.0,4388.0,0.0,9513.0,44.0,74831.0,0.0,25249.0,0.0,1118.0,0.0,3840.0,477.0,0.0,33641.0,0.0,5571.0,0.0,3595.0,2146.0,27321.0,73.0,1660.0,0.0,0.0,0.0,1163.0,293610.0,0.0,0.0,3336.0,0.0,17860.0,4256.0,0.0,0.0,0.0,2315.0,162386.0,23439.0,2156.0,2171.0,0.0,0.0,63597.0,7719.0,36599.0,0.0,4645.0,4105.0,5220.0,24398.0,39595.0,53647.0,32476.0,15956.0,8661.0,55319.0,0.0,1429.0,116.0,0.0,84.0,184291.0,4022.0,0.0,154.0,1823.0,14367.0,0.0,0.0,188.0,0.0,85463.0,0.0,204082.0,5228.0,69.0,174.0,102.0,6530.0,1333.0,127192.0,108905.0,60043.0,48986.0,0.0,13005.0,35999.0,0.0,1228.0,82.0,7113.0,9223.0,97794.0,0.0,0.0,9341.0,0.0,45002.0,587772.0,3207025.0,12499.0,0.0,114.0,78367.0,13875.0,0.0,4385.0,0.0,
1982,41778.0,23460.0,35793.0,23527.0,393787.0,47654.0,50196.0,9498.0,22958.0,122281.0,68451.0,15740.0,10689.0,164266.0,64982.0,37289.0,33491.0,42183.0,78066.0,12114.0,56339.0,83777.0,115166.0,57472.0,24613.0,60698.0,10206.0,21264.0,13884.0,11407.0,105759.0,19242.0,282226.0,68971.0,9953.0,134636.0,49317.0,31594.0,142076.0,11420.0,32353.0,7709.0,52044.0,260085.0,18365.0,5755.0,71465.0,62933.0,20510.0,59488.0,12421.0,0.0,2296.0,44780.0,6214.0,164.0,91376.0,0.0,0.0,186698.0,70111.0,0.0,3031.0,4264.0,20197.0,1171.0,0.0,90440.0,179.0,1542.0,144.0,3813.0,0.0,1095.0,179102.0,0.0,28094.0,1719.0,1045.0,155.0,0.0,8901.0,314635.0,719.0,844.0,25450.0,286719.0,54067.0,201.0,64938.0,1489.0,2609.0,7466.0,0.0,2319.0,0.0,60413.0,0.0,90.0,9141.0,17214.0,30479.0,3406.0,35.0,0.0,0.0,714.0,7973.0,1293.0,53111.0,588015.0,3853.0,548.0,0.0,693547.0,72037.0,54878.0,125.0,8098.0,2335.0,249.0,459.0,1770.0,3970.0,32290.0,24060.0,3253.0,203537.0,113799.0,127557.0,0.0,21305.0,27037.0,432633.0,3235.0,1134518.0,4684.0,0.0,9159.0,41.0,80356.0,0.0,21583.0,0.0,1119.0,0.0,2619.0,397.0,0.0,33541.0,0.0,4575.0,0.0,3526.0,2045.0,29278.0,87.0,1468.0,0.0,0.0,0.0,1116.0,213077.0,0.0,0.0,3463.0,0.0,18028.0,4348.0,0.0,0.0,0.0,2340.0,157324.0,23205.0,2497.0,2017.0,0.0,0.0,62647.0,8100.0,40012.0,0.0,5132.0,3894.0,5470.0,24259.0,41254.0,65187.0,30678.0,16764.0,7597.0,55375.0,0.0,1525.0,119.0,0.0,81.0,153240.0,3937.0,0.0,148.0,2050.0,15879.0,0.0,0.0,187.0,0.0,78415.0,0.0,197154.0,5644.0,79.0,164.0,114.0,4748.0,1372.0,112479.0,111579.0,60043.0,49545.0,0.0,14932.0,37799.0,0.0,1035.0,81.0,8280.0,8900.0,88854.0,0.0,0.0,6481.0,0.0,41848.0,558717.0,3343800.0,10218.0,0.0,114.0,79998.0,18405.0,0.0,4232.0,0.0,
1983,45678.0,22591.0,39774.0,25291.0,426143.0,50717.0,55528.0,10611.0,24572.0,136768.0,76737.0,17260.0,11834.0,173119.0,69334.0,37480.0,35257.0,44091.0,76880.0,13238.0,62205.0,93053.0,127754.0,61950.0,25967.0,65538.0,10583.0,21820.0,15059.0,12629.0,117962.0,19882.0,305287.0,77543.0,10045.0,144896.0,47700.0,33727.0,152041.0,12323.0,35850.0,8123.0,57073.0,264882.0,19751.0,6268.0,79438.0,67948.0,20403.0,63169.0,11578.0,0.0,2319.0,47529.0,6476.0,182.0,112721.0,0.0,0.0,179141.0,71033.0,0.0,3373.0,4368.0,21165.0,1243.0,0.0,85492.0,189.0,1365.0,156.0,3609.0,0.0,1210.0,143601.0,0.0,28870.0,1571.0,1106.0,152.0,0.0,8972.0,341859.0,690.0,844.0,20673.0,307677.0,53736.0,195.0,52378.0,1354.0,3150.0,6737.0,0.0,2321.0,0.0,60645.0,0.0,99.0,9461.0,15129.0,37254.0,3261.0,40.0,0.0,0.0,734.0,8863.0,1217.0,51056.0,562499.0,3689.0,551.0,0.0,691912.0,48515.0,49603.0,132.0,8406.0,2284.0,281.0,466.0,1900.0,4207.0,29907.0,21836.0,2795.0,222049.0,103149.0,155942.0,0.0,20611.0,30153.0,448958.0,2875.0,1243324.0,4922.0,0.0,8470.0,38.0,89915.0,0.0,20317.0,0.0,2047.0,0.0,3609.0,436.0,0.0,31963.0,0.0,4491.0,0.0,3512.0,2121.0,32744.0,94.0,1418.0,0.0,0.0,0.0,1182.0,173714.0,0.0,0.0,3590.0,0.0,16296.0,3894.0,0.0,0.0,0.0,2560.0,153166.0,22453.0,2900.0,1803.0,0.0,0.0,61628.0,8491.0,37369.0,0.0,5269.0,3888.0,6069.0,18863.0,36891.0,75406.0,28267.0,17277.0,6468.0,48401.0,0.0,1629.0,110.0,0.0,76.0,129181.0,3512.0,0.0,147.0,1782.0,18011.0,0.0,0.0,176.0,0.0,87417.0,0.0,172429.0,6093.0,78.0,176.0,122.0,6485.0,1325.0,103872.0,111278.0,60043.0,54162.0,0.0,15294.0,41366.0,0.0,986.0,80.0,7898.0,9202.0,84906.0,0.0,0.0,7413.0,0.0,38345.0,532564.0,3634025.0,5609.0,0.0,117.0,79672.0,27726.0,0.0,3653.0,0.0,
1984,50010.0,23787.0,46135.0,28464.0,482166.0,56230.0,63617.0,11925.0,26583.0,155993.0,88466.0,19132.0,12585.0,194244.0,78858.0,41264.0,38442.0,49344.0,82622.0,14897.0,69919.0,106424.0,143677.0,71368.0,28743.0,74538.0,11010.0,24630.0,16514.0,14766.0,133571.0,21396.0,339427.0,88151.0,10641.0,163854.0,51291.0,37444.0,167390.0,13800.0,41202.0,9194.0,63982.0,288636.0,22147.0,6895.0,89767.0,74169.0,22171.0,70013.0,12152.0,0.0,2290.0,51513.0,6864.0,208.0,126563.0,0.0,0.0,196766.0,67007.0,0.0,3603.0,4534.0,24064.0,1355.0,0.0,81672.0,211.0,1456.0,161.0,3752.0,0.0,1201.0,142906.0,0.0,30668.0,1404.0,1004.0,145.0,0.0,9482.0,356723.0,670.0,907.0,20104.0,316628.0,53075.0,188.0,34951.0,1245.0,3664.0,6717.0,0.0,2447.0,0.0,59105.0,0.0,109.0,14870.0,16101.0,41888.0,2385.0,44.0,0.0,0.0,628.0,8375.0,1276.0,53032.0,532339.0,3547.0,396.0,0.0,651900.0,17332.0,48329.0,146.0,8796.0,2327.0,195.0,434.0,2105.0,4538.0,33511.0,21170.0,2894.0,215556.0,107218.0,160074.0,0.0,19877.0,28546.0,443573.0,2119.0,1318382.0,4972.0,0.0,8788.0,42.0,99806.0,0.0,21457.0,0.0,2930.0,0.0,4266.0,391.0,0.0,29930.0,0.0,4403.0,0.0,2939.0,2095.0,37087.0,113.0,1416.0,0.0,0.0,0.0,1094.0,204860.0,0.0,0.0,3316.0,0.0,14904.0,4056.0,0.0,0.0,0.0,2708.0,142566.0,22347.0,3966.0,1461.0,0.0,0.0,62058.0,9358.0,40572.0,0.0,5500.0,3591.0,4931.0,19442.0,34857.0,75507.0,25951.0,19163.0,6704.0,39111.0,0.0,1560.0,108.0,0.0,79.0,119631.0,3425.0,0.0,151.0,2062.0,19563.0,0.0,0.0,176.0,0.0,77315.0,0.0,171955.0,7142.0,91.0,225.0,135.0,7992.0,1296.0,107557.0,106269.0,60043.0,61088.0,0.0,13915.0,43179.0,0.0,906.0,84.0,7891.0,9054.0,82583.0,0.0,0.0,5703.0,0.0,38012.0,504481.0,4037650.0,5334.0,0.0,144.0,57826.0,48177.0,0.0,3003.0,0.0,
1985,53823.0,26142.0,50708.0,29325.0,523905.0,59640.0,69231.0,13092.0,28534.0,170893.0,98222.0,20721.0,13043.0,206281.0,82010.0,42431.0,40658.0,51892.0,84391.0,16045.0,76878.0,116612.0,153604.0,75831.0,30138.0,77912.0,10941.0,25716.0,17944.0,16577.0,145928.0,22534.0,364281.0,96535.0,10655.0,174165.0,52765.0,39446.0,176873.0,15222.0,43987.0,9588.0,68425.0,307223.0,24082.0,7524.0,97966.0,77341.0,22936.0,73820.0,12204.0,0.0,2339.0,61132.0,8457.0,241.0,95593.0,0.0,0.0,174057.0,68624.0,0.0,3923.0,4278.0,24756.0,1418.0,0.0,84920.0,209.0,1580.0,167.0,4059.0,0.0,1118.0,226858.0,4434.0,26258.0,1553.0,1170.0,152.0,0.0,9903.0,366179.0,883.0,983.0,17238.0,312616.0,48415.0,191.0,31943.0,1276.0,3926.0,6851.0,0.0,2611.0,0.0,62658.0,0.0,119.0,6496.0,18830.0,48841.0,2319.0,74.0,0.0,0.0,497.0,9808.0,1236.0,56223.0,557561.0,3736.0,482.0,0.0,661037.0,15379.0,47936.0,168.0,10385.0,2473.0,287.0,463.0,2337.0,4976.0,35700.0,21438.0,3012.0,237618.0,107062.0,179718.0,0.0,21161.0,26531.0,458065.0,1993.0,1398893.0,5001.0,0.0,8746.0,32.0,103603.0,0.0,21540.0,0.0,3685.0,0.0,3563.0,312.0,0.0,29440.0,0.0,4562.0,0.0,2858.0,1962.0,34090.0,134.0,1426.0,0.0,0.0,0.0,1107.0,217388.0,0.0,0.0,3851.0,0.0,15043.0,5362.0,0.0,0.0,0.0,2812.0,144642.0,22508.0,3854.0,1440.0,0.0,0.0,65417.0,10395.0,40565.0,0.0,5818.0,3326.0,4214.0,16823.0,33995.0,70775.0,27231.0,20289.0,6272.0,48286.0,0.0,1853.0,103.0,0.0,83.0,103894.0,3750.0,0.0,169.0,1755.0,18573.0,0.0,0.0,160.0,0.0,59102.0,0.0,181172.0,7064.0,101.0,254.0,146.0,5547.0,1309.0,111351.0,107779.0,60043.0,63641.0,0.0,12556.0,40185.0,0.0,950.0,79.0,7503.0,9245.0,92760.0,0.0,0.0,5219.0,0.0,37310.0,536810.0,4339000.0,5212.0,0.0,132.0,59865.0,14999.0,0.0,2848.0,0.0,
1986,56133.0,19180.0,55880.0,30798.0,563081.0,60969.0,75305.0,14138.0,30078.0,185852.0,108088.0,22437.0,13220.0,218695.0,86437.0,43225.0,41794.0,53199.0,77107.0,17382.0,83743.0,127155.0,163458.0,79449.0,30996.0,83330.0,10978.0,26044.0,19731.0,18369.0,158836.0,21807.0,390103.0,104785.0,9773.0,182643.0,48996.0,41730.0,187386.0,16621.0,47748.0,10066.0,73288.0,295720.0,24282.0,8168.0,107347.0,84014.0,22880.0,77824.0,10522.0,0.0,2587.0,61535.0,7918.0,290.0,114949.0,0.0,0.0,181137.0,97375.0,0.0,4241.0,3347.0,25954.0,1557.0,0.0,117689.0,228.0,2036.0,189.0,3970.0,0.0,1516.0,263163.0,2704.0,23239.0,2036.0,1233.0,210.0,205.0,12909.0,379009.0,1158.0,1211.0,18531.0,303340.0,48482.0,257.0,35840.0,1746.0,4408.0,9170.0,0.0,3317.0,0.0,88079.0,0.0,135.0,7891.0,13816.0,54076.0,2335.0,91.0,0.0,0.0,635.0,10188.0,1398.0,73652.0,772838.0,4889.0,376.0,0.0,944124.0,14228.0,56421.0,188.0,5615.0,2675.0,280.0,523.0,2597.0,5207.0,41076.0,24694.0,4017.0,252751.0,101220.0,208782.0,0.0,28506.0,32662.0,648765.0,2369.0,2078953.0,6404.0,0.0,10387.0,31.0,119374.0,0.0,17376.0,0.0,2577.0,0.0,2778.0,359.0,0.0,23987.0,0.0,6638.0,0.0,3258.0,2048.0,30303.0,158.0,1981.0,0.0,0.0,0.0,1495.0,150513.0,0.0,0.0,4250.0,0.0,19864.0,6293.0,0.0,0.0,0.0,3060.0,201581.0,27390.0,5800.0,1904.0,0.0,0.0,78693.0,8229.0,41543.0,0.0,6046.0,3618.0,5032.0,25241.0,33174.0,73677.0,37869.0,21969.0,4950.0,52290.0,0.0,2100.0,109.0,0.0,117.0,86886.0,5304.0,0.0,208.0,1314.0,18780.0,0.0,0.0,143.0,0.0,67562.0,0.0,250683.0,7571.0,119.0,304.0,161.0,7400.0,1336.0,147956.0,154449.0,60043.0,78234.0,0.0,15874.0,44520.0,0.0,1331.0,94.0,4877.0,9910.0,102304.0,0.0,0.0,5199.0,0.0,29568.0,654761.0,4579625.0,6470.0,0.0,128.0,60877.0,33873.0,0.0,1962.0,0.0,
1987,60751.0,22925.0,60046.0,32663.0,615359.0,63919.0,82983.0,15567.0,32129.0,204816.0,117032.0,24272.0,13996.0,231210.0,91650.0,45282.0,44163.0,56282.0,78487.0,19166.0,91380.0,138899.0,169236.0,85364.0,33530.0,88911.0,11383.0,26759.0,21950.0,20994.0,174628.0,22429.0,418305.0,113262.0,10305.0,191784.0,49055.0,44594.0,202910.0,17890.0,52688.0,10669.0,80715.0,300667.0,25100.0,9156.0,117602.0,90325.0,23425.0,82013.0,10369.0,0.0,2566.0,63300.0,9050.0,337.0,117854.0,0.0,0.0,212700.0,121771.0,0.0,4669.0,3626.0,28633.0,1714.0,0.0,146189.0,267.0,2430.0,229.0,4323.0,0.0,2376.0,286438.0,3105.0,26938.0,2370.0,1161.0,260.0,141.0,14952.0,433133.0,1275.0,1372.0,21856.0,330303.0,50467.0,312.0,33932.0,2121.0,4537.0,10088.0,0.0,3979.0,0.0,109414.0,0.0,152.0,8305.0,12910.0,77359.0,2374.0,111.0,0.0,0.0,831.0,10890.0,1276.0,91775.0,935117.0,3699.0,504.0,0.0,1174861.0,11932.0,65682.0,215.0,6502.0,2840.0,237.0,484.0,1279.0,5678.0,50623.0,27140.0,5566.0,283750.0,95214.0,276875.0,0.0,33648.0,39012.0,814268.0,2672.0,2532809.0,6751.0,0.0,11387.0,36.0,150987.0,0.0,20817.0,0.0,1815.0,0.0,3252.0,468.0,0.0,22294.0,0.0,8244.0,0.0,2566.0,2013.0,34529.0,149.0,2308.0,0.0,0.0,0.0,1893.0,165058.0,0.0,0.0,4776.0,0.0,21911.0,2843.0,0.0,0.0,0.0,3175.0,246907.0,36927.0,3409.0,2233.0,0.0,0.0,94231.0,8628.0,43437.0,0.0,6073.0,3976.0,4216.0,41681.0,36871.0,63714.0,47387.0,23878.0,5216.0,58477.0,0.0,2331.0,121.0,0.0,117.0,85582.0,6381.0,0.0,249.0,1145.0,21629.0,0.0,0.0,150.0,0.0,88572.0,0.0,317602.0,7884.0,136.0,336.0,176.0,11964.0,1469.0,179559.0,193384.0,60043.0,105040.0,0.0,7821.0,52204.0,0.0,1562.0,101.0,4880.0,10663.0,118885.0,0.0,0.0,8384.0,0.0,32466.0,812013.0,4855250.0,8095.0,0.0,139.0,46854.0,42045.0,0.0,2431.0,0.0,
1988,66007.0,21270.0,64944.0,35004.0,671575.0,67757.0,90706.0,16887.0,35225.0,224848.0,126565.0,26799.0,15285.0,252196.0,99492.0,49088.0,46698.0,61850.0,83195.0,21371.0,101280.0,151625.0,180620.0,91896.0,35534.0,95760.0,11702.0,29262.0,24987.0,22937.0,194708.0,23457.0,456556.0,124302.0,9747.0,205307.0,52667.0,49138.0,220582.0,19738.0,57328.0,11172.0,87355.0,327354.0,27324.0,10259.0,128087.0,99051.0,25876.0,89619.0,10990.0,0.0,2530.0,51664.0,9818.0,399.0,138044.0,0.0,0.0,270580.0,133592.0,0.0,4855.0,4481.0,30904.0,1823.0,0.0,158943.0,315.0,2552.0,262.0,4598.0,0.0,3084.0,319991.0,2955.0,44022.0,2616.0,1088.0,292.0,276.0,15184.0,509372.0,1372.0,1604.0,25765.0,411923.0,54406.0,336.0,39314.0,2257.0,4618.0,10195.0,0.0,4589.0,0.0,115552.0,0.0,171.0,7605.0,12277.0,92530.0,2771.0,119.0,0.0,0.0,986.0,11285.0,1202.0,109255.0,1020878.0,4078.0,585.0,0.0,1266623.0,12678.0,76447.0,236.0,7042.0,3317.0,221.0,615.0,841.0,6324.0,59708.0,29699.0,6149.0,299645.0,107279.0,318601.0,0.0,36862.0,48326.0,902144.0,3184.0,3071684.0,6324.0,0.0,11806.0,45.0,203506.0,0.0,19281.0,0.0,1182.0,0.0,3267.0,531.0,0.0,25067.0,0.0,9339.0,0.0,2442.0,2314.0,37845.0,178.0,2316.0,0.0,0.0,0.0,2196.0,201926.0,0.0,0.0,4797.0,0.0,25947.0,2499.0,0.0,0.0,0.0,3743.0,264201.0,45442.0,1499.0,2280.0,0.0,0.0,101901.0,8386.0,50107.0,0.0,5250.0,5526.0,5584.0,32978.0,42082.0,68612.0,55435.0,26178.0,5004.0,60538.0,0.0,2495.0,135.0,0.0,100.0,88138.0,6311.0,0.0,284.0,1877.0,26551.0,0.0,0.0,171.0,0.0,95207.0,0.0,373143.0,8240.0,161.0,384.0,201.0,9551.0,1741.0,202941.0,209365.0,60043.0,126461.0,0.0,7474.0,63704.0,0.0,1739.0,119.0,4574.0,11073.0,125153.0,0.0,0.0,8685.0,0.0,32999.0,988304.0,5236425.0,8375.0,0.0,158.0,60378.0,23234.0,0.0,4094.0,0.0,
1989,68394.0,23453.0,67895.0,37127.0,722978.0,71179.0,95830.0,18900.0,37469.0,241633.0,133793.0,29427.0,16908.0,266607.0,107198.0,52907.0,48814.0,65525.0,87574.0,22669.0,107444.0,158199.0,190626.0,98312.0,37208.0,101411.0,12629.0,31332.0,27846.0,23777.0,205075.0,24927.0,473252.0,133866.0,10729.0,217816.0,55006.0,52610.0,233162.0,21058.0,61346.0,11790.0,91579.0,349951.0,28668.0,11120.0,137660.0,108064.0,26663.0,95216.0,11436.0,0.0,2779.0,52558.0,11421.0,439.0,88567.0,0.0,0.0,307701.0,133263.0,0.0,5473.0,4675.0,34046.0,2017.0,0.0,160672.0,363.0,2370.0,261.0,4716.0,0.0,3444.0,439278.0,3314.0,44835.0,2616.0,1131.0,295.0,346.0,13539.0,567215.0,1354.0,1515.0,29679.0,461066.0,54861.0,328.0,40006.0,2384.0,5230.0,9757.0,0.0,4901.0,0.0,112410.0,0.0,185.0,8589.0,12049.0,115362.0,3167.0,105.0,0.0,0.0,1006.0,11872.0,1281.0,119106.0,1026179.0,4458.0,614.0,0.0,1257393.0,12897.0,79250.0,267.0,8118.0,3384.0,266.0,617.0,778.0,7065.0,68790.0,30319.0,5705.0,300187.0,122582.0,379167.0,0.0,38017.0,49171.0,938273.0,3692.0,3054914.0,4252.0,0.0,11705.0,44.0,251616.0,0.0,23855.0,0.0,1460.0,0.0,2680.0,552.0,0.0,26594.0,0.0,9944.0,0.0,2498.0,2639.0,41678.0,201.0,2827.0,0.0,0.0,0.0,2256.0,246079.0,0.0,0.0,4997.0,0.0,26706.0,2611.0,0.0,0.0,0.0,3784.0,260507.0,44062.0,2082.0,2180.0,0.0,0.0,102634.0,9372.0,52256.0,0.0,5264.0,5360.0,4046.0,40699.0,47291.0,66895.0,59806.0,28267.0,5288.0,54236.0,0.0,2605.0,138.0,0.0,99.0,95217.0,6220.0,0.0,305.0,1724.0,31436.0,0.0,0.0,167.0,0.0,99044.0,0.0,411571.0,8271.0,179.0,435.0,215.0,16853.0,2033.0,212910.0,202212.0,60043.0,152727.0,0.0,6444.0,74637.0,0.0,1706.0,144.0,4397.0,11069.0,147688.0,0.0,0.0,7041.0,0.0,38090.0,1005574.0,5641600.0,8827.0,0.0,154.0,44672.0,6293.0,0.0,4365.0,0.0,
1990,71610.0,25039.0,70631.0,38679.0,773460.0,75570.0,100169.0,19928.0,39688.0,256589.0,140646.0,32534.0,18004.0,279019.0,110859.0,56121.0,51873.0,68412.0,95177.0,23256.0,112834.0,159504.0,193102.0,102756.0,38757.0,103565.0,13241.0,33734.0,30980.0,23767.0,214357.0,26600.0,493191.0,139658.0,11509.0,227412.0,57804.0,56565.0,245280.0,21663.0,65156.0,12770.0,94086.0,378943.0,31249.0,11673.0,144970.0,118640.0,27754.0,100235.0,12705.0,0.0,2221.0,61892.0,12571.0,459.0,153205.0,0.0,0.0,323373.0,166867.0,0.0,5218.0,4965.0,35383.0,2024.0,0.0,201220.0,412.0,2890.0,281.0,4868.0,0.0,3803.0,455173.0,3908.0,19768.0,3101.0,1131.0,339.0,899.0,13553.0,596077.0,1572.0,1826.0,32998.0,398623.0,55879.0,401.0,41448.0,2799.0,5716.0,10796.0,0.0,6003.0,0.0,138248.0,0.0,201.0,7995.0,12236.0,96087.0,4818.0,133.0,0.0,0.0,1237.0,12595.0,1448.0,141797.0,1272433.0,6339.0,721.0,0.0,1598640.0,14898.0,97963.0,278.0,7106.0,3710.0,324.0,504.0,990.0,4169.0,76929.0,34361.0,6510.0,326608.0,138258.0,575265.0,0.0,48183.0,58022.0,1170996.0,4663.0,3132817.0,4161.0,0.0,12180.0,43.0,288625.0,0.0,18293.0,0.0,1742.0,0.0,2799.0,666.0,0.0,30644.0,0.0,12680.0,0.0,3081.0,2999.0,47236.0,231.0,3223.0,0.0,0.0,1213.0,2706.0,290402.0,0.0,0.0,3131.0,0.0,30180.0,4190.0,0.0,2838.0,0.0,3894.0,321376.0,45774.0,519.0,2480.0,62165.0,0.0,119791.0,11686.0,52426.0,0.0,5723.0,4869.0,4904.0,28326.0,49095.0,62084.0,79439.0,30604.0,7360.0,38516.0,0.0,2491.0,177.0,0.0,120.0,117473.0,7237.0,0.0,369.0,948.0,38892.0,0.0,0.0,208.0,0.0,115533.0,0.0,534328.0,9468.0,203.0,518.0,240.0,2245.0,539.0,256236.0,258017.0,60043.0,166845.0,0.0,5172.0,88467.0,0.0,2055.0,150.0,5155.0,13474.0,207375.0,0.0,0.0,5743.0,0.0,49090.0,1191021.0,5963125.0,10270.0,0.0,169.0,48391.0,6472.0,12644.0,4085.0,10144.0,
1991,76043.0,22282.0,73358.0,41571.0,790045.0,79766.0,101474.0,21746.0,41430.0,267669.0,147759.0,34356.0,18851.0,288473.0,114637.0,57944.0,53980.0,71679.0,96043.0,23378.0,115427.0,160727.0,197717.0,106102.0,40862.0,109161.0,13875.0,35613.0,32785.0,24762.0,221915.0,30295.0,497336.0,146367.0,11691.0,233975.0,59632.0,59441.0,255162.0,21737.0,68000.0,13736.0,101208.0,393573.0,33501.0,11732.0,151092.0,125895.0,29092.0,104773.0,12977.0,0.0,1333.0,46670.0,12186.0,482.0,205515.0,0.0,0.0,323794.0,174435.0,0.0,5128.0,5209.0,36468.0,2032.0,0.0,206469.0,445.0,2954.0,244.0,5343.0,0.0,3806.0,399108.0,4109.0,1937.0,3135.0,1167.0,353.0,2011.0,15112.0,612503.0,1498.0,1809.0,37981.0,415604.0,57757.0,400.0,40250.0,2725.0,7238.0,10493.0,0.0,6195.0,0.0,139226.0,649.0,220.0,9887.0,13730.0,48431.0,5252.0,132.0,0.0,0.0,1285.0,13928.0,1500.0,128287.0,1273594.0,5754.0,760.0,0.0,1875618.0,16673.0,105633.0,301.0,8687.0,4195.0,456.0,538.0,888.0,4195.0,88960.0,34749.0,6955.0,274842.0,154558.0,302498.0,0.0,48823.0,65818.0,1236942.0,4285.0,3584420.0,4345.0,0.0,11501.0,47.0,336550.0,0.0,10826.0,0.0,2053.0,0.0,4390.0,756.0,0.0,33908.0,0.0,13738.0,0.0,2677.0,3821.0,53514.0,262.0,3284.0,0.0,0.0,1390.0,2977.0,348139.0,0.0,0.0,3297.0,0.0,32286.0,3264.0,0.0,2854.0,0.0,4261.0,331068.0,43446.0,3678.0,2328.0,60131.0,0.0,121872.0,11341.0,59556.0,0.0,6292.0,5726.0,6984.0,33988.0,50320.0,80451.0,89904.0,32287.0,6884.0,29070.0,0.0,1837.0,172.0,0.0,108.0,132047.0,7111.0,0.0,374.0,1138.0,45465.0,0.0,0.0,220.0,0.0,123964.0,0.0,575021.0,10367.0,201.0,549.0,255.0,2528.0,594.0,272895.0,261197.0,60043.0,187354.0,0.0,6019.0,101247.0,0.0,2031.0,174.0,5399.0,14202.0,208109.0,0.0,0.0,3004.0,0.0,49821.0,1244811.0,6158125.0,12376.0,0.0,201.0,53382.0,7642.0,14665.0,3690.0,9450.0,
1992,81260.0,22752.0,82682.0,45017.0,807358.0,87302.0,105758.0,22907.0,43186.0,284672.0,160061.0,36129.0,20631.0,306236.0,124714.0,61870.0,56901.0,77531.0,90889.0,24329.0,119535.0,167434.0,212056.0,114517.0,44011.0,115288.0,14936.0,38213.0,36051.0,26331.0,230774.0,32638.0,519703.0,159337.0,12896.0,250649.0,62208.0,63392.0,269849.0,22665.0,71848.0,14885.0,111660.0,416401.0,35602.0,12538.0,158990.0,134469.0,30410.0,112972.0,13178.0,0.0,843.0,49217.0,9395.0,499.0,247987.0,108.0,0.0,317469.0,195506.0,1193.0,5125.0,5442.0,36476.0,1957.0,12364.0,229957.0,518.0,3284.0,238.0,5643.0,0.0,3932.0,382329.0,4646.0,7861.0,3357.0,1082.0,395.0,2439.0,13851.0,594365.0,1494.0,1886.0,46270.0,495671.0,68345.0,436.0,36333.0,2933.0,8578.0,11153.0,12247.0,7424.0,0.0,152915.0,671.0,234.0,11605.0,15012.0,44168.0,5813.0,160.0,606.0,0.0,1425.0,14696.0,1659.0,113227.0,1404391.0,5955.0,820.0,0.0,2136312.0,16484.0,116466.0,310.0,9625.0,4570.0,500.0,598.0,533.0,4675.0,104272.0,38725.0,7112.0,293262.0,168280.0,49423.0,0.0,54892.0,73547.0,1312572.0,4328.0,3908808.0,5369.0,2875.0,11327.0,48.0,361676.0,0.0,19866.0,917.0,2354.0,1694.0,5468.0,877.0,0.0,34358.0,0.0,15390.0,0.0,3001.0,3120.0,64424.0,306.0,3372.0,0.0,0.0,1464.0,3352.0,403733.0,0.0,1036.0,1831.0,0.0,33712.0,2238.0,0.0,3014.0,0.0,3872.0,365971.0,41525.0,3894.0,2345.0,52275.0,2443.0,130838.0,12452.0,63727.0,0.0,7153.0,6617.0,7158.0,35377.0,58695.0,88713.0,108119.0,34630.0,7646.0,19779.0,91760.0,1950.0,188.0,0.0,96.0,136905.0,7602.0,0.0,434.0,992.0,52131.0,0.0,19271.0,261.0,0.0,134557.0,0.0,628565.0,11176.0,223.0,603.0,278.0,3100.0,551.0,280572.0,271577.0,60043.0,223123.0,291.0,5588.0,115576.0,0.0,2130.0,180.0,5533.0,16978.0,219091.0,951.0,0.0,2809.0,22193.0,52208.0,1284454.0,6520325.0,14223.0,4361.0,209.0,60400.0,9867.0,17959.0,3614.0,7793.0,
1993,84562.0,23284.0,89299.0,47566.0,826446.0,95658.0,107680.0,23508.0,45356.0,304403.0,171658.0,36732.0,23099.0,320078.0,132108.0,63385.0,58953.0,81618.0,95866.0,25201.0,125515.0,173527.0,226368.0,117947.0,47340.0,118905.0,16054.0,39353.0,40039.0,27362.0,240389.0,36876.0,537504.0,168005.0,13049.0,259611.0,65552.0,69408.0,281703.0,23566.0,76158.0,16104.0,119567.0,443775.0,38631.0,13026.0,167688.0,142499.0,31881.0,120023.0,13790.0,0.0,1461.0,50963.0,6819.0,535.0,256365.0,835.0,0.0,308743.0,190383.0,1309.0,5097.0,5986.0,38234.0,2075.0,11020.0,219891.0,560.0,3199.0,249.0,5734.0,0.0,3961.0,429032.0,4558.0,4266.0,3200.0,938.0,398.0,2427.0,14451.0,579050.0,1309.0,1648.0,49505.0,623054.0,77456.0,427.0,47450.0,2684.0,9586.0,11046.0,12968.0,7098.0,0.0,143195.0,654.0,246.0,13081.0,17537.0,49526.0,6680.0,162.0,374.0,1788.0,1497.0,9143.0,1772.0,89321.0,1324236.0,5757.0,878.0,0.0,2072456.0,13383.0,109022.0,310.0,10462.0,4562.0,386.0,731.0,642.0,4794.0,120354.0,40119.0,6232.0,284194.0,190913.0,65030.0,0.0,51346.0,73919.0,1055479.0,5516.0,4454144.0,5532.0,5152.0,7869.0,47.0,399132.0,0.0,23996.0,665.0,2652.0,2728.0,7430.0,876.0,0.0,30921.0,0.0,15778.0,0.0,3371.0,3591.0,72858.0,346.0,3362.0,0.0,0.0,1250.0,3455.0,500795.0,0.0,1333.0,901.0,0.0,31656.0,2319.0,0.0,2891.0,0.0,4158.0,355901.0,44797.0,3726.0,2221.0,56807.0,2687.0,120578.0,12494.0,67442.0,0.0,7812.0,7521.0,7249.0,34330.0,60237.0,90366.0,95139.0,36923.0,7157.0,26624.0,197634.0,1881.0,193.0,0.0,127.0,132791.0,7189.0,0.0,474.0,1122.0,60604.0,13669.0,16626.0,291.0,0.0,134345.0,0.0,528010.0,11948.0,243.0,613.0,286.0,5246.0,434.0,211209.0,264178.0,60043.0,236537.0,678.0,5170.0,128889.0,0.0,1623.0,188.0,4656.0,15944.0,248447.0,5363.0,0.0,3323.0,35025.0,53438.0,1149990.0,6858550.0,16568.0,6742.0,200.0,59865.0,13181.0,21737.0,3549.0,7569.0,
1994,90098.0,23604.0,100374.0,51415.0,861360.0,104506.0,113115.0,25637.0,46654.0,327167.0,187995.0,37394.0,25455.0,347971.0,143335.0,70161.0,63304.0,87645.0,105118.0,26543.0,133311.0,185710.0,251483.0,128167.0,51601.0,130566.0,17062.0,43504.0,45172.0,29190.0,251572.0,41684.0,555321.0,181287.0,14303.0,281924.0,68250.0,75393.0,296601.0,24353.0,82061.0,17329.0,129895.0,475989.0,42591.0,13689.0,177057.0,150805.0,34592.0,129436.0,14070.0,0.0,2361.0,42426.0,4965.0,589.0,279150.0,648.0,0.0,352566.0,203970.0,2258.0,5372.0,6411.0,41538.0,2163.0,15152.0,239900.0,581.0,2227.0,253.0,5970.0,0.0,4261.0,546570.0,4537.0,7500.0,1924.0,924.0,448.0,2765.0,9833.0,579904.0,858.0,1335.0,57114.0,566471.0,97332.0,314.0,25746.0,1769.0,10473.0,8313.0,17349.0,8004.0,0.0,156164.0,690.0,264.0,14645.0,21147.0,54550.0,7679.0,120.0,433.0,2505.0,1621.0,8135.0,1977.0,103760.0,1396653.0,4463.0,870.0,827.0,2209934.0,12303.0,116678.0,325.0,11855.0,4707.0,435.0,864.0,1772.0,4693.0,135812.0,43160.0,6399.0,333014.0,213727.0,82405.0,0.0,55823.0,84379.0,1088653.0,5529.0,4907039.0,6197.0,11881.0,9422.0,55.0,470736.0,0.0,24796.0,1108.0,3081.0,4532.0,8982.0,923.0,0.0,28796.0,0.0,17558.0,0.0,2977.0,2081.0,81121.0,382.0,2575.0,0.0,0.0,1316.0,3835.0,527811.0,0.0,1390.0,1083.0,0.0,35605.0,2509.0,0.0,3254.0,0.0,4344.0,382517.0,52873.0,3861.0,1563.0,80128.0,3561.0,127132.0,12919.0,67998.0,0.0,8330.0,8265.0,7871.0,43225.0,71003.0,103683.0,99692.0,39691.0,7374.0,30376.0,297287.0,1195.0,154.0,0.0,132.0,134995.0,4908.0,0.0,486.0,1331.0,73689.0,15772.0,16845.0,368.0,0.0,139804.0,0.0,529824.0,13781.0,272.0,638.0,289.0,5961.0,488.0,227273.0,292675.0,60043.0,256438.0,829.0,5478.0,146684.0,0.0,1258.0,203.0,5032.0,17052.0,179208.0,4542.0,0.0,4809.0,38012.0,57450.0,1235021.0,7287250.0,19299.0,7991.0,234.0,58357.0,16312.0,28019.0,3657.0,7959.0,
1995,95819.0,25448.0,109905.0,54611.0,911576.0,112707.0,123212.0,27720.0,47093.0,346951.0,203397.0,37763.0,27762.0,364450.0,150403.0,73136.0,65281.0,91914.0,112875.0,28152.0,139070.0,196408.0,256614.0,135124.0,54984.0,140059.0,17519.0,45111.0,49249.0,31875.0,263468.0,42145.0,582656.0,193466.0,14841.0,297538.0,70859.0,81553.0,312989.0,25549.0,87247.0,18053.0,137061.0,507725.0,46746.0,13891.0,186235.0,155068.0,36148.0,135311.0,14608.0,0.0,2882.0,42066.0,6197.0,577.0,280080.0,1287.0,1321.0,378121.0,241235.0,2417.0,5653.0,6787.0,45921.0,2229.0,10179.0,289844.0,620.0,2993.0,296.0,6702.0,0.0,4732.0,786536.0,5255.0,12564.0,2380.0,1000.0,536.0,3441.0,9326.0,605921.0,1117.0,1636.0,73599.0,736870.0,110186.0,392.0,25021.0,2116.0,11545.0,11000.0,22388.0,9937.0,59768.0,185008.0,699.0,275.0,16637.0,22968.0,63260.0,8922.0,169.0,483.0,3905.0,1932.0,8431.0,2134.0,134349.0,1602130.0,5281.0,909.0,1907.0,2588002.0,14544.0,136942.0,342.0,13314.0,5139.0,460.0,990.0,2812.0,5415.0,144652.0,46419.0,7131.0,366600.0,244227.0,115703.0,0.0,69236.0,100239.0,1171401.0,6543.0,5449118.0,6650.0,16639.0,11944.0,56.0,574598.0,0.0,27189.0,1493.0,3579.0,5410.0,10963.0,1038.0,0.0,32689.0,6698.0,20655.0,0.0,3160.0,2423.0,96750.0,466.0,3337.0,3367.0,0.0,1415.0,4380.0,360096.0,221.0,1730.0,1697.0,0.0,39029.0,2572.0,0.0,3503.0,0.0,4716.0,452710.0,62214.0,4140.0,1756.0,132230.0,4687.0,152031.0,13803.0,79451.0,0.0,8515.0,7316.0,9062.0,51380.0,82121.0,139089.0,118182.0,42647.0,8138.0,35838.0,336492.0,1239.0,236.0,0.0,104.0,143152.0,6177.0,0.0,508.0,1273.0,87813.0,19951.0,21384.0,429.0,0.0,155461.0,0.0,612429.0,14635.0,293.0,682.0,316.0,6694.0,927.0,265394.0,342760.0,60043.0,279270.0,569.0,6382.0,169279.0,0.0,1661.0,213.0,5421.0,19654.0,233340.0,5874.0,0.0,5760.0,38275.0,63637.0,1336125.0,7639750.0,21312.0,12459.0,249.0,77427.0,20798.0,12796.0,3799.0,8263.0,
1996,100145.0,26736.0,119530.0,57976.0,964185.0,121081.0,129111.0,29156.0,47822.0,370912.0,219989.0,38124.0,28914.0,383504.0,158350.0,78819.0,69616.0,96616.0,118807.0,29255.0,145023.0,210630.0,270319.0,145880.0,57460.0,148256.0,18118.0,49006.0,54418.0,34560.0,278191.0,44532.0,620153.0,203815.0,16491.0,311120.0,76316.0,93306.0,325000.0,26453.0,90754.0,19418.0,143162.0,551512.0,52016.0,14672.0,197756.0,166539.0,37224.0,143443.0,15752.0,0.0,3200.0,46941.0,7994.0,634.0,295120.0,1597.0,1380.0,423550.0,237343.0,3177.0,5950.0,7057.0,48168.0,2377.0,13953.0,281449.0,641.0,3251.0,311.0,7375.0,3584.0,4881.0,850415.0,5679.0,9491.0,2587.0,868.0,553.0,3507.0,10393.0,630577.0,1000.0,1819.0,78024.0,867224.0,115734.0,392.0,32098.0,2540.0,11640.0,12139.0,23601.0,10016.0,66986.0,187633.0,693.0,292.0,18242.0,24035.0,71114.0,9586.0,276.0,579.0,4779.0,1830.0,8826.0,2307.0,132153.0,1606035.0,6064.0,949.0,3063.0,2498113.0,15458.0,145872.0,367.0,14218.0,5316.0,438.0,1120.0,2902.0,5217.0,159718.0,46660.0,7480.0,399791.0,274722.0,157347.0,0.0,75902.0,109857.0,1309287.0,7394.0,4833714.0,6928.0,21035.0,13565.0,67.0,617960.0,0.0,31492.0,1822.0,3726.0,5970.0,12816.0,983.0,0.0,35683.0,8385.0,20547.0,0.0,3995.0,3956.0,109839.0,527.0,3416.0,3433.0,0.0,1443.0,4529.0,410973.0,218.0,2033.0,1576.0,0.0,43162.0,3468.0,0.0,3494.0,0.0,4861.0,450625.0,69063.0,4308.0,1880.0,172686.0,4642.0,163520.0,15277.0,82968.0,0.0,10040.0,7786.0,9788.0,53412.0,91792.0,156684.0,122654.0,45341.0,9059.0,35692.0,420386.0,1343.0,251.0,0.0,136.0,158451.0,6413.0,0.0,503.0,1374.0,96293.0,21579.0,21516.0,471.0,0.0,147701.0,0.0,638444.0,16050.0,312.0,706.0,331.0,8377.0,1153.0,289758.0,330247.0,60043.0,292687.0,1052.0,7889.0,183035.0,0.0,1815.0,234.0,5859.0,21283.0,250263.0,2379.0,0.0,5944.0,46083.0,70991.0,1410853.0,8073125.0,22657.0,17059.0,261.0,70536.0,24692.0,6496.0,3599.0,10117.0,
1997,104805.0,27581.0,129279.0,60332.0,1037091.0,133203.0,140279.0,31450.0,49701.0,393074.0,235200.0,39064.0,30311.0,408047.0,167366.0,83113.0,74146.0,103621.0,126003.0,30774.0,154782.0,226879.0,286408.0,156649.0,59874.0,158308.0,18932.0,50308.0,59467.0,36935.0,292671.0,48682.0,664679.0,221258.0,16500.0,332475.0,81105.0,100363.0,342661.0,28717.0,96465.0,19764.0,152687.0,606982.0,55211.0,15521.0,210360.0,179639.0,38570.0,151035.0,16083.0,0.0,2259.0,48178.0,9388.0,681.0,317549.0,1639.0,1532.0,425553.0,213045.0,3963.0,6332.0,7318.0,50340.0,2513.0,13543.0,255132.0,654.0,3124.0,348.0,7917.0,4578.0,5024.0,884308.0,5769.0,10024.0,2448.0,972.0,540.0,3443.0,10509.0,654989.0,979.0,1748.0,84907.0,965338.0,127055.0,362.0,28819.0,2323.0,12568.0,11722.0,23974.0,9544.0,61783.0,173539.0,706.0,303.0,20017.0,27009.0,79770.0,10222.0,526.0,594.0,5153.0,1957.0,8909.0,2268.0,126997.0,1454555.0,5673.0,983.0,3511.0,2214694.0,15786.0,143326.0,392.0,16103.0,5212.0,416.0,1190.0,3336.0,5736.0,177349.0,47290.0,7581.0,423189.0,260680.0,185727.0,0.0,82929.0,114624.0,1240398.0,8400.0,4414734.0,7246.0,22166.0,13742.0,67.0,576019.0,0.0,30350.0,1767.0,3515.0,6527.0,15525.0,1036.0,0.0,36531.0,10121.0,18503.0,0.0,3546.0,4619.0,109098.0,652.0,3208.0,3475.0,108.0,1402.0,4253.0,500416.0,207.0,2314.0,1381.0,0.0,39147.0,4110.0,0.0,3636.0,0.0,5284.0,417329.0,68889.0,4390.0,1733.0,187866.0,3928.0,161357.0,15837.0,81806.0,0.0,10849.0,7442.0,9965.0,56281.0,91234.0,157183.0,117211.0,48187.0,11298.0,35644.0,434320.0,1808.0,273.0,0.0,93.0,165742.0,5915.0,0.0,563.0,1240.0,100124.0,21891.0,20805.0,493.0,0.0,152611.0,0.0,587920.0,17888.0,351.0,721.0,348.0,10241.0,1235.0,266384.0,286561.0,60043.0,303706.0,1121.0,9341.0,150180.0,0.0,1849.0,220.0,5837.0,20747.0,261774.0,2681.0,0.0,6480.0,51867.0,76171.0,1553949.0,8577550.0,23974.0,18018.0,273.0,85667.0,26892.0,6838.0,4303.0,10386.0,
1998,109404.0,24170.0,143392.0,62442.0,1147841.0,150381.0,145495.0,36783.0,54879.0,430064.0,264894.0,37624.0,30983.0,436166.0,184582.0,84546.0,78478.0,109656.0,120429.0,32166.0,169980.0,249154.0,312611.0,166292.0,60992.0,169368.0,20444.0,51829.0,65315.0,40557.0,319946.0,50682.0,745223.0,245907.0,16792.0,361629.0,81209.0,105111.0,372738.0,30719.0,103642.0,20184.0,167308.0,645696.0,62291.0,16073.0,233095.0,210205.0,40086.0,162523.0,14928.0,0.0,2560.0,48188.0,7958.0,728.0,324242.0,1892.0,1665.0,380600.0,218557.0,4280.0,6833.0,6996.0,51928.0,2833.0,14589.0,260952.0,689.0,3362.0,382.0,8490.0,5281.0,4819.0,865115.0,4496.0,13227.0,2805.0,893.0,575.0,3130.0,10495.0,633996.0,1036.0,1975.0,81562.0,1032573.0,117323.0,363.0,21089.0,1949.0,13634.0,12612.0,25346.0,10251.0,66465.0,176991.0,722.0,322.0,21672.0,27474.0,89188.0,10937.0,440.0,626.0,5670.0,1797.0,8077.0,1795.0,134110.0,1505184.0,4774.0,1008.0,3607.0,2242065.0,17153.0,144644.0,446.0,17488.0,5003.0,376.0,1133.0,3719.0,6366.0,168858.0,48770.0,8494.0,428767.0,115323.0,208928.0,10469.0,90189.0,115862.0,1267952.0,8787.0,4032511.0,7912.0,22135.0,15739.0,66.0,386671.0,0.0,25944.0,1630.0,1334.0,7178.0,17048.0,955.0,0.0,29960.0,11241.0,19341.0,0.0,3738.0,3036.0,78609.0,693.0,3328.0,3682.0,110.0,1371.0,4296.0,526522.0,219.0,2036.0,1315.0,0.0,41806.0,4718.0,5799.0,3215.0,0.0,5253.0,438610.0,56779.0,4635.0,1980.0,209677.0,3764.0,154163.0,13997.0,81490.0,0.0,11762.0,5688.0,9260.0,53918.0,72207.0,172050.0,124124.0,54086.0,10255.0,42543.0,290996.0,1931.0,279.0,0.0,73.0,146775.0,6404.0,0.0,608.0,981.0,85728.0,22804.0,22168.0,419.0,0.0,137686.0,0.0,616885.0,18430.0,366.0,785.0,374.0,10924.0,1483.0,268917.0,294820.0,60043.0,280407.0,1320.0,11481.0,113676.0,0.0,1750.0,198.0,6148.0,21803.0,276012.0,2862.0,0.0,6343.0,43315.0,73394.0,1641822.0,9062825.0,25394.0,18316.0,262.0,91905.0,27234.0,6322.0,3538.0,12099.0,
1999,115030.0,24732.0,155344.0,66816.0,1247093.0,164226.0,152338.0,40363.0,58832.0,458318.0,288994.0,39250.0,34138.0,459322.0,193100.0,87662.0,81853.0,115258.0,125989.0,34382.0,180207.0,264779.0,337561.0,174650.0,63827.0,177360.0,20829.0,53689.0,71534.0,41880.0,336649.0,53092.0,793721.0,264063.0,16983.0,376034.0,84062.0,107546.0,389715.0,32295.0,110251.0,21050.0,175819.0,681335.0,66022.0,17159.0,249798.0,230554.0,41831.0,172258.0,15710.0,0.0,3209.0,48845.0,7526.0,766.0,307673.0,1845.0,1723.0,411045.0,217475.0,4581.0,7684.0,7582.0,53984.0,2969.0,11678.0,260548.0,732.0,3681.0,401.0,8269.0,5766.0,5485.0,599867.0,5106.0,13501.0,3013.0,866.0,652.0,3513.0,10695.0,678408.0,1039.0,1739.0,75094.0,1097138.0,102780.0,372.0,19147.0,2357.0,14211.0,12377.0,23374.0,10502.0,64867.0,177964.0,759.0,332.0,22137.0,19740.0,95039.0,11284.0,738.0,614.0,5777.0,1764.0,7927.0,2104.0,135406.0,1494634.0,4966.0,1036.0,2805.0,2197125.0,17756.0,149412.0,482.0,16492.0,4798.0,406.0,1104.0,4148.0,6417.0,165734.0,49170.0,8972.0,466841.0,169158.0,277095.0,18449.0,98829.0,117011.0,1250226.0,8887.0,4562079.0,8148.0,16870.0,14353.0,69.0,501365.0,0.0,30123.0,1242.0,1415.0,7534.0,17162.0,937.0,0.0,35975.0,10973.0,21174.0,0.0,3721.0,3080.0,86203.0,756.0,3444.0,3842.0,109.0,1406.0,4536.0,600225.0,220.0,1406.0,1236.0,0.0,41632.0,5167.0,7095.0,3384.0,0.0,5404.0,447493.0,58849.0,4856.0,1916.0,57477.0,3867.0,162285.0,15593.0,82514.0,0.0,12326.0,5191.0,8837.0,48719.0,82995.0,167799.0,127597.0,57841.0,12393.0,35953.0,210170.0,1797.0,255.0,0.0,78.0,161717.0,6521.0,0.0,623.0,977.0,86287.0,20841.0,22770.0,447.0,0.0,136550.0,0.0,634396.0,18532.0,389.0,825.0,391.0,10714.0,1222.0,272292.0,289538.0,60043.0,304174.0,1087.0,11777.0,126669.0,0.0,1757.0,201.0,6925.0,22943.0,256485.0,3857.0,0.0,6029.0,32661.0,82865.0,1668683.0,9630700.0,23995.0,20881.0,268.0,97239.0,28702.0,7639.0,3405.0,11769.0,
2000,119242.0,26778.0,164611.0,68770.0,1366561.0,180605.0,165898.0,43389.0,61095.0,489488.0,307611.0,41500.0,37992.0,487212.0,203052.0,93028.0,85853.0,114293.0,132809.0,36841.0,192106.0,289926.0,351572.0,189964.0,65645.0,187296.0,21885.0,56503.0,76627.0,45225.0,362006.0,55232.0,838660.0,275694.0,17976.0,391137.0,90792.0,117258.0,407652.0,34516.0,115246.0,22690.0,181629.0,738871.0,70291.0,18311.0,266886.0,237831.0,42606.0,180539.0,17205.0,0.0,3483.0,54749.0,11166.0,830.0,308491.0,1912.0,1873.0,399126.0,197377.0,5273.0,8076.0,9063.0,54586.0,3059.0,12758.0,238602.0,832.0,3522.0,436.0,8385.0,5554.0,5803.0,655435.0,6662.0,13153.0,2633.0,870.0,589.0,3667.0,9802.0,744623.0,868.0,1572.0,77815.0,1214915.0,98931.0,339.0,19077.0,3220.0,14965.0,10717.0,21774.0,9988.0,61645.0,164158.0,780.0,333.0,24306.0,18319.0,104752.0,11785.0,1156.0,547.0,5714.0,1739.0,8235.0,1824.0,125908.0,1366243.0,5397.0,1010.0,3057.0,1948843.0,11467.0,132198.0,520.0,17187.0,4038.0,364.0,1124.0,3952.0,7104.0,171643.0,47311.0,9004.0,476636.0,179482.0,365946.0,25857.0,100139.0,132243.0,1145108.0,9065.0,4887520.0,8461.0,18292.0,14136.0,68.0,576179.0,2092.0,37721.0,1368.0,1720.0,7941.0,17007.0,911.0,874.0,38271.0,11539.0,21326.0,0.0,3878.0,3023.0,102149.0,801.0,2963.0,4059.0,112.0,1294.0,4869.0,707909.0,233.0,1578.0,1329.0,966.0,38859.0,4667.0,9073.0,3911.0,0.0,5731.0,417664.0,54139.0,5109.0,1671.0,67824.0,3774.0,171246.0,19507.0,79705.0,146.0,12502.0,5289.0,8856.0,50414.0,81023.0,171276.0,118658.0,61702.0,17760.0,37281.0,278496.0,1718.0,264.0,0.0,77.0,189515.0,5966.0,9312.0,615.0,941.0,96077.0,20691.0,20393.0,381.0,0.0,136453.0,0.0,597148.0,19371.0,433.0,834.0,396.0,13134.0,1266.0,261336.0,272179.0,60043.0,331407.0,991.0,12369.0,126392.0,440.0,1493.0,195.0,8295.0,21474.0,273085.0,5022.0,14.0,5978.0,32331.0,103893.0,1651392.0,10252350.0,22832.0,16808.0,272.0,117676.0,31176.0,9679.0,3601.0,11340.0,
2001,122449.0,28420.0,171474.0,70601.0,1384111.0,187571.0,173127.0,46448.0,65565.0,516689.0,318753.0,42894.0,37384.0,502260.0,204581.0,94770.0,88380.0,117430.0,137845.0,38500.0,205449.0,296834.0,348529.0,194646.0,67028.0,191199.0,22851.0,59467.0,80426.0,46629.0,373755.0,55986.0,877149.0,288683.0,18919.0,395622.0,96767.0,117274.0,424965.0,35992.0,119301.0,23512.0,185774.0,773006.0,73226.0,19274.0,284001.0,239425.0,43977.0,187939.0,18660.0,0.0,3928.0,54745.0,10930.0,801.0,291738.0,2118.0,1920.0,376707.0,197510.0,5475.0,8318.0,9189.0,54755.0,3055.0,12421.0,238049.0,872.0,3666.0,455.0,8154.0,5784.0,5514.0,559962.0,6218.0,14076.0,2836.0,877.0,616.0,3992.0,10377.0,738961.0,899.0,1936.0,70971.0,1344077.0,97273.0,373.0,7246.0,2794.0,15930.0,11193.0,23290.0,10397.0,67524.0,164791.0,811.0,340.0,25602.0,24468.0,102273.0,12283.0,1672.0,582.0,6274.0,1544.0,8223.0,1798.0,129363.0,1377667.0,5023.0,1002.0,3218.0,1945804.0,12227.0,136284.0,520.0,18703.0,3806.0,380.0,1126.0,3570.0,7566.0,169381.0,53821.0,8205.0,493934.0,174507.0,334323.0,18936.0,109208.0,130673.0,1163332.0,9195.0,4303542.0,8975.0,22153.0,14536.0,63.0,547656.0,2509.0,34886.0,1525.0,1757.0,8351.0,17349.0,754.0,906.0,34112.0,12253.0,21291.0,6811.0,4530.0,2967.0,101054.0,767.0,3468.0,4067.0,117.0,1296.0,4817.0,756693.0,241.0,1777.0,1485.0,1150.0,39460.0,4567.0,8532.0,3550.0,0.0,5891.0,431590.0,53106.0,5335.0,1815.0,73128.0,3709.0,173973.0,19452.0,77931.0,157.0,12704.0,4637.0,8496.0,51034.0,76262.0,190430.0,121605.0,69669.0,17538.0,40395.0,328853.0,1676.0,266.0,0.0,72.0,184137.0,6180.0,12313.0,622.0,1084.0,89794.0,21386.0,20901.0,380.0,0.0,121602.0,0.0,626522.0,18610.0,455.0,798.0,430.0,15716.0,1090.0,241018.0,278678.0,60043.0,300422.0,1057.0,12610.0,120297.0,518.0,1483.0,177.0,8960.0,22066.0,200305.0,6933.0,13.0,6039.0,37863.0,103312.0,1626218.0,10581825.0,20907.0,14252.0,257.0,123156.0,32524.0,9853.0,4094.0,11244.0,
2002,127792.0,29605.0,179413.0,73950.0,1436430.0,190962.0,176208.0,45757.0,70054.0,548540.0,326929.0,45447.0,38715.0,514063.0,212430.0,98976.0,90949.0,122193.0,139537.0,40183.0,218299.0,303967.0,362271.0,202766.0,68865.0,196597.0,23880.0,61604.0,84733.0,48678.0,388337.0,58055.0,886792.0,298110.0,20209.0,411967.0,99163.0,121229.0,436985.0,38132.0,124160.0,26337.0,195289.0,787257.0,75998.0,20163.0,293275.0,248189.0,45433.0,194813.0,19115.0,4367.0,4348.0,56761.0,15286.0,815.0,108731.0,2376.0,1941.0,424358.0,214243.0,6232.0,8881.0,9594.0,57500.0,3106.0,14654.0,259910.0,933.0,4191.0,504.0,7917.0,6711.0,5456.0,509358.0,6487.0,16277.0,3219.0,825.0,679.0,4289.0,11588.0,760144.0,983.0,2257.0,69729.0,1477501.0,97020.0,427.0,8720.0,3020.0,16525.0,12347.0,26868.0,11422.0,81899.0,178635.0,837.0,333.0,27249.0,28549.0,90261.0,12664.0,2061.0,564.0,7396.0,1436.0,7851.0,1996.0,140119.0,1500348.0,5332.0,887.0,3396.0,2077016.0,14200.0,154307.0,540.0,20777.0,4022.0,410.0,1160.0,3475.0,7775.0,166336.0,67717.0,9295.0,523768.0,212807.0,129777.0,18970.0,128459.0,121042.0,1271649.0,9719.0,4115116.0,9582.0,24637.0,14764.0,72.0,627247.0,2691.0,38135.0,1606.0,1844.0,9553.0,18825.0,825.0,927.0,20471.0,14275.0,23712.0,7323.0,4397.0,3496.0,109834.0,828.0,3905.0,4474.0,127.0,1324.0,5055.0,772110.0,242.0,1995.0,1634.0,1269.0,42238.0,4977.0,7652.0,3369.0,0.0,5976.0,473527.0,62046.0,5224.0,2072.0,93983.0,3991.0,195525.0,20143.0,77937.0,163.0,13204.0,4607.0,7196.0,53954.0,81358.0,198679.0,134700.0,72546.0,19364.0,46065.0,370537.0,1673.0,282.0,0.0,80.0,189606.0,6780.0,16177.0,698.0,1250.0,92538.0,24854.0,23539.0,324.0,0.0,115748.0,0.0,708006.0,19585.0,478.0,805.0,462.0,18137.0,1376.0,265336.0,301501.0,60043.0,308884.0,1212.0,13122.0,134301.0,511.0,1706.0,191.0,9148.0,23142.0,238342.0,8700.0,16.0,6494.0,42339.0,109816.0,1775814.0,10936450.0,13632.0,11833.0,262.0,95570.0,35097.0,10693.0,4194.0,10735.0,
2003,133739.0,31799.0,192751.0,78218.0,1527294.0,196483.0,181339.0,47761.0,74090.0,583725.0,340410.0,48929.0,40341.0,529455.0,223495.0,105073.0,94603.0,126970.0,154361.0,41838.0,228690.0,315299.0,373839.0,215155.0,73332.0,204009.0,25637.0,66415.0,90778.0,51378.0,405198.0,62895.0,905280.0,309318.0,22077.0,424915.0,105243.0,127211.0,455106.0,40272.0,130337.0,27445.0,203833.0,829764.0,79149.0,21130.0,309981.0,258262.0,46667.0,203134.0,21027.0,4553.0,5611.0,67864.0,17813.0,856.0,138071.0,2807.0,2021.0,539735.0,262208.0,7276.0,8870.0,11075.0,63204.0,3210.0,17812.0,319628.0,990.0,5348.0,575.0,8092.0,8477.0,7539.0,557680.0,7279.0,20984.0,4213.0,785.0,891.0,4665.0,14558.0,895593.0,1188.0,3102.0,75643.0,1671065.0,93751.0,547.0,9022.0,3503.0,17220.0,15307.0,34668.0,14552.0,99662.0,218097.0,881.0,343.0,21518.0,32433.0,85163.0,13244.0,3765.0,673.0,9895.0,2198.0,8623.0,2509.0,171406.0,1844083.0,6510.0,843.0,3991.0,2501014.0,17494.0,202272.0,591.0,21918.0,4759.0,477.0,1192.0,2984.0,8140.0,161370.0,85325.0,11414.0,618369.0,255428.0,152973.0,15800.0,164601.0,126808.0,1572721.0,9430.0,4445659.0,10196.0,30834.0,16796.0,91.0,702715.0,3348.0,47844.0,1920.0,2259.0,11753.0,19473.0,1193.0,748.0,26186.0,18803.0,29615.0,8195.0,5474.0,3211.0,120025.0,1052.0,4713.0,5422.0,129.0,1563.0,6073.0,729335.0,245.0,2377.0,1864.0,1681.0,52064.0,5549.0,9378.0,4932.0,0.0,6328.0,579925.0,82470.0,5322.0,2645.0,102935.0,4946.0,228858.0,21634.0,89727.0,154.0,13915.0,5617.0,7691.0,58537.0,83908.0,217514.0,165185.0,75834.0,23534.0,57806.0,461562.0,1847.0,333.0,0.0,96.0,215808.0,8701.0,21219.0,706.0,1380.0,97646.0,34023.0,29673.0,314.0,0.0,175254.0,0.0,908628.0,21621.0,467.0,883.0,482.0,21355.0,1615.0,332269.0,353157.0,60043.0,318597.0,1555.0,14159.0,152281.0,543.0,2116.0,212.0,11464.0,27454.0,311944.0,11424.0,18.0,6724.0,50096.0,124346.0,2045693.0,11458250.0,12067.0,12411.0,315.0,83670.0,39563.0,11778.0,4902.0,9574.0,
2004,146524.0,34970.0,205420.0,84624.0,1632216.0,203980.0,198662.0,51449.0,80471.0,635525.0,364255.0,53761.0,43739.0,558748.0,236935.0,116652.0,97676.0,134194.0,169873.0,44526.0,246762.0,330669.0,381228.0,230282.0,77214.0,214218.0,27939.0,70288.0,104420.0,54126.0,422889.0,69740.0,955192.0,328037.0,23167.0,445541.0,113148.0,136238.0,481738.0,43245.0,135160.0,29628.0,218020.0,906321.0,85701.0,22666.0,332250.0,270115.0,49271.0,215138.0,23186.0,5146.0,7185.0,85327.0,23552.0,920.0,164911.0,3577.0,2228.0,656519.0,301321.0,8682.0,9055.0,13150.0,68593.0,3444.0,23141.0,371399.0,1058.0,6187.0,670.0,8785.0,10157.0,8966.0,668432.0,8739.0,25958.0,4843.0,915.0,1022.0,5334.0,17440.0,1026467.0,1310.0,5003.0,99224.0,1966244.0,115986.0,622.0,10275.0,4655.0,18562.0,16554.0,41523.0,17328.0,119162.0,251375.0,935.0,367.0,22506.0,36592.0,82855.0,13725.0,5950.0,858.0,12157.0,2774.0,10142.0,2955.0,197040.0,2118671.0,7767.0,962.0,5126.0,2813076.0,20243.0,240774.0,599.0,23965.0,5054.0,532.0,1252.0,3538.0,8772.0,169085.0,104067.0,13835.0,721589.0,279556.0,186857.0,36642.0,194137.0,135343.0,1800804.0,10175.0,4815169.0,11411.0,43152.0,18064.0,103.0,793176.0,3621.0,59439.0,2214.0,2649.0,14377.0,21146.0,1488.0,897.0,32996.0,22647.0,34733.0,10586.0,4364.0,3476.0,135869.0,1227.0,5452.0,6049.0,133.0,1831.0,6869.0,782243.0,240.0,3118.0,2319.0,2073.0,59626.0,6749.0,11752.0,6617.0,32.0,7274.0,658081.0,101581.0,5793.0,2900.0,130345.0,5684.0,264510.0,24764.0,105612.0,165.0,15255.0,6313.0,9624.0,66126.0,91371.0,255284.0,189296.0,80322.0,31734.0,74974.0,633914.0,2099.0,408.0,1714.0,104.0,258742.0,10181.0,24743.0,839.0,1439.0,115034.0,43121.0,34448.0,363.0,0.0,228931.0,0.0,1071036.0,23655.0,505.0,954.0,522.0,26646.0,1868.0,382625.0,393587.0,60043.0,348521.0,2073.0,15575.0,172895.0,1078.0,2260.0,248.0,13472.0,31184.0,404853.0,14196.0,22.0,8285.0,64751.0,147824.0,2404700.0,12213725.0,13708.0,14705.0,365.0,112189.0,49520.0,13868.0,6221.0,9465.0,
2005,155970.0,39774.0,228231.0,89610.0,1753866.0,219907.0,208766.0,52154.0,85304.0,696741.0,386785.0,58667.0,47962.0,586693.0,243738.0,122224.0,103936.0,142649.0,197566.0,45874.0,265929.0,345586.0,394229.0,242862.0,80995.0,223497.0,30529.0,73959.0,117856.0,56352.0,440773.0,73684.0,1015046.0,352394.0,24417.0,465809.0,124563.0,143662.0,505584.0,45162.0,142616.0,30659.0,228099.0,986401.0,94194.0,23509.0,360299.0,296100.0,53259.0,225697.0,27177.0,6167.0,8052.0,103198.0,36971.0,1022.0,199273.0,4900.0,2331.0,734283.0,316267.0,13273.0,9836.0,15969.0,70921.0,3820.0,30211.0,387725.0,1114.0,6571.0,762.0,9573.0,10935.0,10013.0,890671.0,10581.0,29636.0,5469.0,1117.0,1090.0,6287.0,17974.0,1173490.0,1413.0,6676.0,122996.0,2308800.0,145163.0,656.0,12069.0,6093.0,19994.0,17085.0,45347.0,18713.0,136281.0,264467.0,995.0,364.0,35948.0,41507.0,94127.0,14698.0,8183.0,850.0,14117.0,3177.0,12408.0,3257.0,204625.0,2198160.0,9468.0,1028.0,6411.0,2848438.0,24521.0,248184.0,695.0,27211.0,4506.0,587.0,1312.0,4312.0,9672.0,181556.0,113035.0,16813.0,834218.0,310815.0,228180.0,50065.0,211849.0,142411.0,1854377.0,11233.0,4755411.0,12589.0,57125.0,21001.0,112.0,934901.0,3738.0,80807.0,2459.0,3049.0,16949.0,21490.0,1596.0,949.0,47335.0,26143.0,37382.0,12092.0,5039.0,3656.0,150352.0,1163.0,6251.0,6402.0,140.0,2184.0,6775.0,877477.0,250.0,3587.0,2523.0,2261.0,62343.0,7595.0,13184.0,7258.0,31.0,8180.0,685727.0,113204.0,6321.0,3374.0,169645.0,6257.0,308884.0,31082.0,118481.0,184.0,16638.0,7355.0,10738.0,74232.0,103074.0,306145.0,197363.0,83915.0,44530.0,98454.0,819071.0,2590.0,474.0,1789.0,125.0,328206.0,11033.0,27496.0,919.0,1649.0,127808.0,49048.0,36261.0,429.0,0.0,257666.0,0.0,1158348.0,27945.0,545.0,1016.0,551.0,35183.0,2235.0,389753.0,408669.0,60043.0,375787.0,2311.0,17174.0,189318.0,1814.0,2283.0,283.0,16170.0,32272.0,501163.0,17174.0,22.0,9603.0,85996.0,180617.0,2527843.0,13036625.0,17398.0,17535.0,390.0,143326.0,57648.0,16732.0,8332.0,9046.0,
2006,163853.0,44435.0,248230.0,94384.0,1874737.0,231205.0,222889.0,55067.0,88517.0,744464.0,402144.0,62365.0,50976.0,621859.0,255054.0,126884.0,112650.0,151006.0,205799.0,47921.0,279468.0,361266.0,395451.0,249735.0,85869.0,231771.0,32933.0,78150.0,127575.0,59411.0,464458.0,77426.0,1071393.0,383522.0,26120.0,477180.0,137083.0,155153.0,526396.0,47711.0,150659.0,31898.0,240193.0,1085294.0,106124.0,24309.0,379129.0,317167.0,56530.0,235708.0,32405.0,6925.0,8896.0,117027.0,52381.0,1157.0,232892.0,6384.0,2424.0,781142.0,336298.0,21027.0,10167.0,18505.0,75770.0,4217.0,36963.0,410178.0,1217.0,7034.0,858.0,11520.0,12460.0,10175.0,1106368.0,12736.0,34131.0,5806.0,1273.0,1237.0,7268.0,19374.0,1319327.0,1538.0,7451.0,154864.0,2774293.0,161363.0,689.0,14376.0,7739.0,22659.0,17801.0,50387.0,20422.0,155464.0,282886.0,1079.0,390.0,37998.0,46802.0,112902.0,16000.0,10087.0,937.0,17036.0,3293.0,15283.0,3361.0,216745.0,2320659.0,10164.0,1054.0,7745.0,2994862.0,28785.0,273547.0,699.0,30231.0,4178.0,592.0,1458.0,4749.0,10842.0,193515.0,115295.0,17216.0,949118.0,396293.0,270333.0,65144.0,232309.0,153982.0,1944365.0,11946.0,4530377.0,15057.0,81003.0,25826.0,110.0,1053217.0,3918.0,101559.0,2837.0,3915.0,21466.0,22049.0,1634.0,1119.0,54963.0,30235.0,42452.0,14790.0,5516.0,3998.0,170472.0,1575.0,6906.0,6790.0,147.0,3110.0,7029.0,975383.0,253.0,4091.0,3414.0,2724.0,68641.0,8304.0,14268.0,7984.0,29.0,9044.0,733994.0,109763.0,6764.0,3650.0,222791.0,6860.0,345580.0,37216.0,137229.0,189.0,18438.0,8355.0,13430.0,87459.0,122211.0,344759.0,208767.0,87276.0,60882.0,122024.0,1061692.0,3192.0,503.0,1910.0,133.0,376398.0,11859.0,32601.0,1016.0,1884.0,148627.0,57402.0,39514.0,471.0,0.0,271812.0,0.0,1265678.0,32359.0,644.0,1135.0,611.0,45264.0,2626.0,420221.0,431133.0,60043.0,388547.0,2811.0,18878.0,221758.0,2658.0,2352.0,294.0,18600.0,34377.0,550796.0,21393.0,23.0,10851.0,107767.0,222117.0,2700951.0,13814600.0,19620.0,20863.0,435.0,177722.0,66393.0,19063.0,12757.0,8141.0,
2007,169678.0,48972.0,262322.0,96948.0,1955856.0,246043.0,237542.0,56278.0,93970.0,768661.0,415131.0,65233.0,53852.0,647862.0,269053.0,136977.0,122453.0,154531.0,206641.0,49148.0,287872.0,379877.0,403735.0,258827.0,91057.0,240158.0,36074.0,83122.0,131599.0,60732.0,480539.0,80572.0,1108896.0,396347.0,28679.0,490965.0,144893.0,161512.0,560753.0,47845.0,159362.0,34701.0,244252.0,1178583.0,114652.0,24696.0,392917.0,346442.0,58635.0,243766.0,36602.0,8556.0,10677.0,134977.0,65266.0,1311.0,287921.0,9206.0,2615.0,947938.0,389231.0,33090.0,10618.0,21730.0,85604.0,4674.0,45275.0,472476.0,1291.0,8170.0,1020.0,13216.0,15323.0,10941.0,1396105.0,13576.0,44410.0,6781.0,1356.0,1514.0,8630.0,22397.0,1468897.0,1755.0,8687.0,173569.0,3571451.0,205755.0,796.0,16737.0,7446.0,26856.0,20344.0,60110.0,24082.0,189032.0,319424.0,1190.0,421.0,44067.0,51008.0,137055.0,17012.0,13072.0,1020.0,22473.0,3465.0,19701.0,3689.0,255739.0,2660905.0,12457.0,1280.0,10173.0,3425982.0,33941.0,318940.0,759.0,34113.0,6317.0,697.0,1741.0,5885.0,12275.0,211583.0,139851.0,21515.0,1238700.0,470144.0,351769.0,88833.0,270293.0,178744.0,2206116.0,12881.0,4515263.0,17111.0,104850.0,31958.0,133.0,1172614.0,4743.0,114677.0,3807.0,4757.0,30946.0,24873.0,1891.0,1373.0,67690.0,39804.0,50959.0,18341.0,7343.0,4431.0,202800.0,1868.0,8157.0,7944.0,154.0,3343.0,8150.0,1052697.0,257.0,5282.0,4235.0,3686.0,79041.0,9466.0,17660.0,8730.0,23.0,10325.0,848659.0,134946.0,7423.0,4290.0,262215.0,8337.0,400939.0,42085.0,152362.0,195.0,21296.0,9545.0,17856.0,102187.0,149360.0,429473.0,240524.0,89524.0,79712.0,174589.0,1393695.0,3876.0,554.0,2189.0,145.0,415687.0,14307.0,43395.0,1034.0,2159.0,180942.0,77105.0,48073.0,516.0,0.0,299033.0,0.0,1481397.0,37043.0,689.0,1281.0,684.0,59440.0,2936.0,487975.0,480271.0,60043.0,408221.0,3712.0,21811.0,262943.0,2881.0,2663.0,321.0,22006.0,38915.0,675010.0,25962.0,27.0,13497.0,143260.0,257916.0,3085300.0,14451875.0,23461.0,27333.0,527.0,221953.0,77520.0,21651.0,14057.0,7785.0,
2008,172686.0,54752.0,259366.0,98955.0,1990678.0,255566.0,240910.0,54787.0,99478.0,750501.0,412911.0,66864.0,55546.0,646366.0,272845.0,136553.0,127682.0,158099.0,215068.0,49973.0,296435.0,388583.0,386053.0,264688.0,96843.0,250581.0,36862.0,85200.0,129372.0,60918.0,495121.0,83724.0,1099234.0,413363.0,31722.0,495742.0,159660.0,165189.0,582240.0,47107.0,161804.0,36668.0,251609.0,1237394.0,115985.0,25678.0,399032.0,355677.0,62066.0,244759.0,42540.0,10297.0,12881.0,171001.0,88539.0,1368.0,363545.0,11662.0,2745.0,1055569.0,432005.0,48979.0,10526.0,25711.0,97062.0,4785.0,60746.0,520687.0,1369.0,9787.0,1291.0,16792.0,18712.0,11028.0,1694860.0,16004.0,54408.0,8403.0,1612.0,1789.0,10342.0,26514.0,1552865.0,2033.0,10430.0,179488.0,4604285.0,242028.0,916.0,19709.0,10216.0,30844.0,24225.0,70465.0,27951.0,236031.0,353359.0,1381.0,458.0,48206.0,61763.0,170797.0,17987.0,19750.0,923.0,24463.0,3298.0,26839.0,3817.0,284870.0,2929983.0,15570.0,1562.0,12795.0,3744854.0,38413.0,356140.0,826.0,39137.0,6966.0,868.0,1923.0,6550.0,13790.0,219279.0,157998.0,17905.0,1224096.0,558582.0,406212.0,131614.0,276108.0,215960.0,2400232.0,13743.0,5037909.0,21963.0,133442.0,35895.0,144.0,1047339.0,5710.0,147402.0,5139.0,5948.0,35763.0,29228.0,1755.0,1726.0,73917.0,48083.0,56072.0,20917.0,9413.0,5321.0,242035.0,2272.0,9837.0,9013.0,155.0,3978.0,9990.0,1109987.0,263.0,7267.0,5623.0,4564.0,92507.0,11555.0,25100.0,8496.0,37.0,12545.0,951766.0,135531.0,8497.0,5429.0,330260.0,9912.0,462250.0,60905.0,170853.0,198.0,25156.0,11671.0,24577.0,121754.0,173603.0,533800.0,263388.0,93639.0,115270.0,214317.0,1781518.0,4927.0,667.0,2403.0,188.0,519797.0,17017.0,52094.0,998.0,2511.0,193617.0,97030.0,55773.0,608.0,0.0,287095.0,0.0,1641514.0,46602.0,751.0,1287.0,695.0,64833.0,3533.0,515414.0,553824.0,60043.0,417038.0,5135.0,27762.0,291383.0,4391.0,3323.0,342.0,28233.0,44844.0,764643.0,21516.0,31.0,17279.0,181313.0,315475.0,2934747.0,14712825.0,30366.0,35050.0,599.0,289877.0,98269.0,26911.0,17911.0,6707.0,
2009,168348.0,49585.0,243929.0,97058.0,1920061.0,248593.0,236393.0,56871.0,100894.0,724582.0,407024.0,65692.0,53775.0,644690.0,261238.0,136251.0,124340.0,155779.0,206884.0,50556.0,302507.0,391265.0,365591.0,259958.0,93205.0,251780.0,35983.0,86830.0,121109.0,61937.0,486512.0,82017.0,1152812.0,406477.0,32002.0,480322.0,145736.0,160640.0,577379.0,47901.0,159835.0,36193.0,250544.0,1163401.0,113332.0,25867.0,408918.0,353632.0,62957.0,245539.0,36042.0,12066.0,12044.0,137054.0,70307.0,1224.0,334633.0,8648.0,2499.0,998935.0,401322.0,44289.0,9982.0,22938.0,108896.0,4466.0,50855.0,485947.0,1335.0,9728.0,1214.0,17464.0,17601.0,10272.0,1667666.0,11892.0,51885.0,8394.0,1775.0,1712.0,10391.0,26094.0,1376509.0,2059.0,9315.0,172520.0,5121681.0,232565.0,904.0,18702.0,9366.0,30826.0,24277.0,62712.0,26017.0,206303.0,321243.0,1425.0,489.0,48319.0,62520.0,198316.0,17602.0,15028.0,1297.0,19804.0,3596.0,32464.0,3110.0,252222.0,2697955.0,12188.0,1450.0,10767.0,3407557.0,34254.0,330837.0,771.0,37734.0,6753.0,829.0,2025.0,6585.0,14486.0,214048.0,130594.0,13165.0,1365373.0,577539.0,410557.0,111660.0,236961.0,207450.0,2191442.0,12107.0,5231383.0,23820.0,115309.0,37022.0,134.0,943672.0,5670.0,105992.0,4690.0,6431.0,26238.0,35477.0,2074.0,1768.0,50808.0,37527.0,51518.0,21475.0,8550.0,6195.0,211882.0,2345.0,10221.0,8553.0,155.0,3671.0,9129.0,900047.0,280.0,6526.0,4584.0,4171.0,92897.0,11243.0,31729.0,8915.0,44.0,12855.0,870572.0,121757.0,8297.0,5411.0,297458.0,9400.0,386188.0,48388.0,167875.0,183.0,27117.0,11619.0,22347.0,121493.0,168485.0,440140.0,244402.0,96386.0,97798.0,174102.0,1307560.0,5450.0,586.0,2062.0,188.0,429098.0,16296.0,45156.0,847.0,2454.0,194150.0,89201.0,50513.0,598.0,0.0,297221.0,0.0,1503409.0,48113.0,748.0,1279.0,675.0,54812.0,3876.0,435113.0,541614.0,60043.0,392106.0,4977.0,28985.0,281711.0,3200.0,3376.0,338.0,19562.0,43466.0,644470.0,20214.0,27.0,18579.0,117079.0,253547.0,2403357.0,14448925.0,31661.0,41000.0,607.0,237448.0,101634.0,25130.0,15328.0,9666.0,
2010,174753.0,52882.0,248210.0,101690.0,1974614.0,255140.0,237653.0,57447.0,106120.0,737791.0,416883.0,68196.0,55170.0,662637.0,280120.0,141482.0,127744.0,164605.0,225677.0,51710.0,316451.0,409762.0,386625.0,271821.0,95208.0,258544.0,38054.0,91812.0,123598.0,64151.0,495149.0,83989.0,1213946.0,415206.0,35426.0,497208.0,152911.0,163827.0,599312.0,49571.0,163856.0,37484.0,255935.0,1237196.0,117960.0,27108.0,422902.0,365551.0,65274.0,254354.0,37401.0,15325.0,11937.0,161207.0,83799.0,1149.0,424729.0,9260.0,2391.0,1251717.0,392595.0,52913.0,10096.0,25713.0,122039.0,4530.0,57220.0,484416.0,1397.0,9543.0,1433.0,19786.0,17164.0,12794.0,2207602.0,13707.0,50611.0,8996.0,2032.0,1664.0,11232.0,26191.0,1617344.0,2141.0,10701.0,218308.0,6066351.0,286039.0,909.0,21566.0,12303.0,37634.0,24885.0,59866.0,25606.0,207478.0,321995.0,1542.0,494.0,53921.0,69555.0,230024.0,18448.0,16299.0,1590.0,19730.0,4438.0,29917.0,3402.0,248244.0,2647348.0,14384.0,1543.0,11638.0,3402444.0,43043.0,299919.0,771.0,41338.0,6866.0,851.0,2259.0,6619.0,15730.0,228644.0,130923.0,13684.0,1708460.0,755256.0,482384.0,138517.0,222498.0,233733.0,2128870.0,13193.0,5700099.0,26425.0,148047.0,40000.0,157.0,1144067.0,5841.0,115401.0,4794.0,7504.0,23798.0,38420.0,2525.0,1998.0,68974.0,37187.0,53308.0,28124.0,8730.0,6957.0,258647.0,2588.0,10698.0,8756.0,168.0,4344.0,10004.0,1057801.0,297.0,6977.0,7185.0,4146.0,93217.0,10457.0,39779.0,11281.0,47.0,16001.0,848073.0,145310.0,8759.0,5729.0,369062.0,9415.0,428757.0,57048.0,177166.0,183.0,29440.0,14251.0,27239.0,148931.0,199591.0,479161.0,238308.0,98381.0,125122.0,166225.0,1635717.0,5850.0,639.0,1883.0,197.0,528207.0,16244.0,41369.0,970.0,2578.0,239808.0,89662.0,48248.0,681.0,0.0,375304.0,0.0,1434184.0,56710.0,760.0,1400.0,681.0,65716.0,4368.0,495329.0,583055.0,60043.0,446141.0,5642.0,31533.0,341105.0,3999.0,3432.0,390.0,22522.0,44054.0,772290.0,22583.0,32.0,20212.0,136011.0,289787.0,2455309.0,14992050.0,40285.0,47492.0,681.0,294507.0,112771.0,30907.0,20265.0,12042.0,
2011,181349.0,56259.0,257947.0,106085.0,2050056.0,264431.0,236523.0,60357.0,110076.0,746787.0,429574.0,70482.0,56488.0,688288.0,288749.0,147227.0,135315.0,169940.0,228987.0,51866.0,328058.0,425593.0,401105.0,283807.0,96371.0,260093.0,40579.0,99613.0,126657.0,65430.0,499114.0,86625.0,1236061.0,427205.0,41179.0,525388.0,165035.0,170621.0,618987.0,50175.0,170087.0,41541.0,267659.0,1331220.0,124539.0,28135.0,432392.0,379539.0,68524.0,263881.0,39370.0,17890.0,12899.0,200251.0,111790.0,1138.0,527644.0,10142.0,2550.0,1513991.0,431609.0,65990.0,10070.0,28777.0,131079.0,4658.0,61368.0,527607.0,1487.0,10691.0,1737.0,24135.0,18629.0,15393.0,2613979.0,18525.0,57420.0,10736.0,2236.0,1865.0,12818.0,29370.0,1793327.0,2435.0,12183.0,252096.0,7522103.0,334476.0,1022.0,25838.0,14814.0,42717.0,25670.0,62399.0,27460.0,227948.0,344003.0,1739.0,501.0,58088.0,79277.0,247726.0,20284.0,21329.0,2065.0,23421.0,4826.0,31958.0,4089.0,273985.0,2864653.0,18207.0,1410.0,14435.0,3748655.0,53645.0,288062.0,779.0,47655.0,6034.0,1100.0,2577.0,7517.0,17649.0,248484.0,140782.0,15159.0,1823052.0,892590.0,577214.0,185750.0,237640.0,261716.0,2278871.0,14413.0,6157458.0,28986.0,192626.0,41672.0,182.0,1253223.0,6700.0,154020.0,6198.0,8963.0,28496.0,40076.0,2779.0,2398.0,31999.0,43526.0,60073.0,36708.0,9893.0,7984.0,302194.0,2629.0,12993.0,9508.0,176.0,5180.0,11518.0,1180487.0,311.0,8417.0,10410.0,4544.0,101371.0,13131.0,54119.0,12423.0,66.0,19011.0,905111.0,167113.0,9774.0,6415.0,414095.0,10659.0,498283.0,68017.0,213588.0,193.0,34686.0,17985.0,33716.0,170983.0,224143.0,528571.0,245075.0,100352.0,167775.0,183443.0,2047715.0,6647.0,739.0,1813.0,233.0,671239.0,17899.0,49280.0,1018.0,2942.0,279357.0,98293.0,51575.0,933.0,3499.0,416879.0,17186.0,1489755.0,65266.0,818.0,1446.0,676.0,66448.0,4422.0,572744.0,699666.0,60043.0,485671.0,6523.0,34067.0,370819.0,5672.0,3872.0,455.0,25789.0,45810.0,832497.0,29233.0,39.0,21108.0,163161.0,350666.0,2635799.0,15542600.0,47962.0,54945.0,759.0,334272.0,134598.0,32726.0,23460.0,14102.0,
2012,186299.0,57670.0,268288.0,108745.0,2144497.0,273519.0,243801.0,61975.0,112736.0,769309.0,444132.0,73582.0,57764.0,720702.0,297552.0,157250.0,140477.0,176302.0,233623.0,52874.0,334821.0,444329.0,418857.0,294296.0,99614.0,268761.0,42005.0,102269.0,128043.0,67689.0,519745.0,87601.0,1322447.0,439571.0,51345.0,540819.0,173483.0,174493.0,641317.0,51642.0,175374.0,43444.0,283721.0,1411378.0,128721.0,28887.0,444950.0,400863.0,69399.0,274343.0,38431.0,20293.0,12324.0,209016.0,128053.0,1200.0,579666.0,10619.0,2535.0,1569104.0,409661.0,69687.0,10720.0,30749.0,141705.0,4610.0,65669.0,498172.0,1564.0,11148.0,1814.0,27282.0,17207.0,16110.0,2464377.0,19047.0,53901.0,11172.0,2333.0,1752.0,14057.0,29121.0,1828363.0,2512.0,12411.0,267021.0,8570348.0,370344.0,1016.0,29319.0,13664.0,46984.0,26791.0,56549.0,25056.0,207376.0,327149.0,1900.0,486.0,60747.0,87925.0,278769.0,21386.0,22390.0,2255.0,23206.0,4887.0,42221.0,4303.0,256853.0,2685371.0,17181.0,1415.0,15847.0,3529377.0,56504.0,245807.0,800.0,50388.0,7304.0,990.0,2862.0,7890.0,18529.0,262601.0,127857.0,14724.0,1827637.0,919002.0,389199.0,218032.0,224938.0,257180.0,2074016.0,14765.0,6203212.0,31418.0,207999.0,50422.0,190.0,1278428.0,6504.0,174066.0,6604.0,10195.0,28141.0,44231.0,2655.0,2721.0,79759.0,42873.0,56710.0,43032.0,9920.0,5981.0,318910.0,2885.0,12450.0,9215.0,187.0,5226.0,11669.0,1201094.0,326.0,8708.0,12278.0,4090.0,98266.0,15178.0,58467.0,13016.0,97.0,18852.0,839455.0,175060.0,10532.0,6946.0,460952.0,9751.0,509506.0,76616.0,224384.0,211.0,40430.0,21295.0,33283.0,192882.0,250092.0,500846.0,216361.0,101565.0,186834.0,171196.0,2189094.0,7430.0,801.0,1606.0,253.0,735975.0,17836.0,43300.0,1060.0,3802.0,295093.0,93468.0,46607.0,1064.0,3611.0,396332.0,11267.0,1336789.0,68419.0,801.0,1440.0,693.0,48948.0,4980.0,550927.0,667892.0,60043.0,495919.0,7592.0,39651.0,397558.0,6662.0,3876.0,460.0,25769.0,45044.0,873696.0,35164.0,38.0,24587.0,175707.0,374591.0,2677082.0,16197050.0,51266.0,61980.0,770.0,331628.0,155483.0,35401.0,25503.0,17115.0,
2013,191481.0,56622.0,275199.0,114251.0,2262771.0,288305.0,246632.0,60666.0,114891.0,800704.0,460585.0,75788.0,61017.0,739627.0,308681.0,160299.0,143220.0,182359.0,228967.0,53719.0,341255.0,454345.0,432717.0,306153.0,101638.0,277851.0,43141.0,107604.0,130621.0,70181.0,533686.0,88411.0,1355581.0,455521.0,53881.0,561045.0,182618.0,179382.0,663900.0,53209.0,183014.0,44814.0,292803.0,1502249.0,134252.0,29098.0,455070.0,419345.0,71037.0,282384.0,38922.0,20170.0,12784.0,209755.0,136710.0,1181.0,611471.0,11121.0,2580.0,1518345.0,430197.0,74160.0,10563.0,32539.0,161297.0,4677.0,75496.0,521082.0,1608.0,12518.0,1849.0,30883.0,18155.0,14915.0,2471529.0,18092.0,55557.0,11955.0,2575.0,1851.0,15228.0,32357.0,1846595.0,1692.0,12994.0,278345.0,9635025.0,381844.0,1116.0,32676.0,14026.0,50326.0,31264.0,58158.0,24093.0,209402.0,343584.0,2043.0,502.0,62758.0,95130.0,288007.0,21991.0,21943.0,1958.0,25279.0,4600.0,46544.0,4539.0,270061.0,2811918.0,17596.0,1376.0,16140.0,3733859.0,63279.0,239937.0,843.0,53851.0,8374.0,1046.0,2988.0,8453.0,18499.0,275673.0,135221.0,16033.0,1856721.0,916646.0,396408.0,234638.0,238296.0,292636.0,2131129.0,14211.0,5155716.0,34115.0,236635.0,55125.0,186.0,1370795.0,7074.0,174179.0,7335.0,11974.0,30260.0,46867.0,2506.0,3065.0,51896.0,46431.0,61758.0,51552.0,10602.0,5432.0,327869.0,3286.0,13243.0,10154.0,192.0,5724.0,12130.0,1274444.0,316.0,9496.0,12582.0,4466.0,106826.0,16013.0,60539.0,12724.0,99.0,19270.0,877186.0,186980.0,10983.0,7670.0,514965.0,10824.0,522761.0,78784.0,231218.0,223.0,45600.0,21261.0,38585.0,202091.0,271836.0,524399.0,226437.0,102450.0,198728.0,190948.0,2292464.0,7623.0,805.0,1678.0,303.0,746647.0,18966.0,48394.0,1328.0,4916.0,307576.0,98508.0,48416.0,1130.0,3892.0,366821.0,14947.0,1362261.0,74277.0,840.0,1484.0,721.0,52892.0,5146.0,584638.0,688729.0,60043.0,511599.0,8506.0,45681.0,420334.0,5638.0,4322.0,447.0,27110.0,46248.0,950328.0,39198.0,38.0,25710.0,179572.0,390108.0,2755356.0,16784825.0,57531.0,69008.0,798.0,234401.0,170444.0,40415.0,28046.0,19091.0,
2014,194211.0,55523.0,284430.0,117336.0,2395162.0,306571.0,248865.0,66891.0,119841.0,839484.0,485816.0,77854.0,63521.0,765347.0,324934.0,171561.0,148225.0,186523.0,238679.0,55795.0,352046.0,473279.0,449127.0,319778.0,104146.0,284712.0,44495.0,111161.0,135153.0,72340.0,546686.0,92480.0,1427495.0,475994.0,58650.0,593355.0,195023.0,188880.0,691187.0,54427.0,191938.0,46046.0,303809.0,1572818.0,141259.0,29701.0,463477.0,442201.0,71919.0,293884.0,39436.0,20616.0,13246.0,213810.0,145712.0,1250.0,563614.0,11610.0,2649.0,1457486.0,442699.0,75240.0,10913.0,33388.0,184013.0,4696.0,78736.0,531652.0,1693.0,13288.0,1830.0,33237.0,18522.0,16259.0,2456111.0,17098.0,56815.0,12398.0,2934.0,1861.0,16702.0,34999.0,1805745.0,1896.0,14003.0,260478.0,10534526.0,381240.0,1150.0,35911.0,14100.0,51181.0,35316.0,57683.0,23401.0,207818.0,352994.0,2216.0,524.0,67264.0,101726.0,305567.0,22593.0,21737.0,2604.0,26816.0,4426.0,54165.0,4857.0,273043.0,2856701.0,18209.0,1229.0,16510.0,3890095.0,53173.0,237406.0,911.0,58722.0,8790.0,1055.0,3078.0,8775.0,19757.0,291438.0,140083.0,17758.0,2039127.0,891051.0,423409.0,234651.0,258528.0,309558.0,2155154.0,13864.0,4850414.0,36382.0,221416.0,61547.0,180.0,1484318.0,7398.0,162695.0,7467.0,13266.0,31385.0,48296.0,2635.0,3137.0,24262.0,48594.0,66209.0,55348.0,10674.0,6055.0,342868.0,3690.0,14369.0,11306.0,185.0,5391.0,12803.0,1314569.0,318.0,9510.0,12227.0,4595.0,110081.0,16872.0,63273.0,12796.0,105.0,19995.0,892398.0,199756.0,11880.0,8243.0,568496.0,11378.0,498410.0,81077.0,244361.0,243.0,49921.0,23211.0,40277.0,202308.0,284585.0,545284.0,229961.0,102446.0,206225.0,199628.0,2058310.0,8010.0,804.0,1674.0,349.0,756350.0,19802.0,47062.0,1343.0,5007.0,314864.0,101109.0,50010.0,1174.0,3964.0,350901.0,15105.0,1379100.0,79312.0,832.0,1559.0,728.0,60726.0,5241.0,580249.0,709481.0,60043.0,530515.0,9242.0,50002.0,407339.0,4042.0,4576.0,445.0,27478.0,47634.0,934075.0,43524.0,37.0,26723.0,130571.0,403137.0,3036310.0,17527275.0,57236.0,76661.0,817.0,212347.0,185759.0,43229.0,27151.0,19496.0,
2015,200402.0,50641.0,297141.0,118761.0,2553772.0,318554.0,260072.0,70969.0,125211.0,895146.0,513565.0,82710.0,66004.0,792999.0,330032.0,178472.0,152374.0,191923.0,234299.0,57525.0,367096.0,502858.0,474301.0,329493.0,105883.0,294794.0,46152.0,115328.0,144232.0,76033.0,569679.0,90969.0,1487754.0,503628.0,55012.0,610772.0,185936.0,203158.0,711205.0,56759.0,203920.0,47752.0,322663.0,1568457.0,149371.0,30729.0,484216.0,470329.0,70281.0,305816.0,37721.0,20057.0,11389.0,165979.0,116194.0,1337.0,642464.0,10553.0,2691.0,1235125.0,381998.0,50844.0,11752.0,31126.0,208322.0,4715.0,56329.0,456170.0,1763.0,11389.0,2028.0,33241.0,16210.0,14445.0,1799882.0,12931.0,50201.0,10425.0,3005.0,1597.0,18083.0,30932.0,1556506.0,1696.0,10952.0,243909.0,11226186.0,293493.0,989.0,37915.0,8554.0,55410.0,33131.0,49519.0,19691.0,186830.0,302673.0,2445.0,541.0,71254.0,99290.0,332075.0,23438.0,13180.0,2008.0,23060.0,4075.0,63081.0,4663.0,232968.0,2439436.0,14385.0,1355.0,13993.0,3362242.0,48595.0,196690.0,997.0,63767.0,8790.0,1048.0,3197.0,8724.0,20980.0,309359.0,123074.0,17389.0,2103588.0,860741.0,375404.0,177722.0,291281.0,299813.0,1833196.0,14152.0,4389476.0,37970.0,184388.0,64236.0,171.0,1465773.0,6444.0,114606.0,6678.0,14363.0,26986.0,49974.0,2326.0,3163.0,17194.0,41538.0,57233.0,45362.0,9703.0,6402.0,301355.0,4098.0,13106.0,10717.0,181.0,4831.0,11692.0,1170567.0,315.0,7726.0,11750.0,4054.0,101179.0,14798.0,63225.0,11769.0,87.0,21411.0,765650.0,175404.0,12757.0,7255.0,493841.0,10067.0,385802.0,68919.0,270556.0,280.0,54092.0,21723.0,36164.0,191316.0,292774.0,477568.0,199414.0,103376.0,161740.0,177895.0,1356836.0,8294.0,804.0,1420.0,318.0,654270.0,17777.0,39629.0,1377.0,4252.0,307999.0,87814.0,43112.0,1158.0,4049.0,317578.0,14558.0,1199688.0,80557.0,852.0,1659.0,755.0,65266.0,4787.0,503651.0,679728.0,60043.0,525601.0,7857.0,47384.0,401266.0,3093.0,4181.0,413.0,25121.0,43152.0,859449.0,35800.0,36.0,22960.0,90489.0,358135.0,2897060.0,18224775.0,53275.0,81340.0,774.0,323595.0,191288.0,36971.0,21243.0,19963.0,
2016,203829.0,49363.0,311091.0,120374.0,2657797.0,329368.0,263696.0,69549.0,129826.0,938774.0,539525.0,85843.0,69029.0,806315.0,338126.0,179546.0,156857.0,195342.0,227226.0,59753.0,384889.0,519407.0,491774.0,339100.0,107096.0,297582.0,45457.0,116193.0,151215.0,78477.0,582427.0,91043.0,1539555.0,519122.0,50833.0,622835.0,178913.0,215050.0,726163.0,57693.0,212987.0,48606.0,335025.0,1565632.0,157883.0,31659.0,493877.0,491358.0,69721.0,313532.0,35740.0,19428.0,11862.0,160034.0,101124.0,1437.0,556774.0,10546.0,2657.0,1267750.0,394212.0,37830.0,11938.0,32250.0,235623.0,4830.0,47703.0,469867.0,1807.0,11818.0,2121.0,34189.0,16910.0,15658.0,1795365.0,11399.0,53236.0,10871.0,3138.0,1664.0,20043.0,32634.0,1530024.0,1825.0,10202.0,250268.0,11221836.0,282720.0,1027.0,36640.0,7787.0,57828.0,35297.0,51623.0,20461.0,195090.0,311988.0,2619.0,575.0,75777.0,99938.0,332484.0,24154.0,11233.0,2213.0,24006.0,3840.0,70886.0,4925.0,239106.0,2472282.0,14020.0,1470.0,14378.0,3468188.0,54989.0,195303.0,1062.0,68663.0,8604.0,1179.0,3504.0,7976.0,21718.0,320877.0,126045.0,20618.0,2289754.0,932066.0,404445.0,175151.0,300308.0,318951.0,1869954.0,14108.0,4926668.0,39253.0,137289.0,69190.0,178.0,1500479.0,6717.0,109381.0,6813.0,15916.0,27707.0,51239.0,2423.0,3277.0,18539.0,42991.0,58985.0,45322.0,10126.0,5492.0,301255.0,4402.0,14016.0,11449.0,198.0,4686.0,12232.0,1077906.0,331.0,8071.0,11159.0,4376.0,103346.0,10897.0,60452.0,11283.0,100.0,21186.0,783844.0,185058.0,13286.0,7610.0,405442.0,10686.0,368827.0,65480.0,278655.0,300.0,57958.0,20759.0,36054.0,194387.0,304898.0,471843.0,206369.0,104337.0,151732.0,188495.0,1280521.0,8475.0,786.0,1468.0,348.0,644936.0,19035.0,40630.0,1427.0,3786.0,318058.0,89885.0,44670.0,1233.0,4198.0,296273.0,3443.0,1237998.0,82390.0,897.0,1702.0,774.0,55563.0,3166.0,515744.0,671399.0,60043.0,531357.0,6953.0,49774.0,412411.0,2504.0,4469.0,430.0,21754.0,41802.0,863390.0,36180.0,37.0,24750.0,93313.0,357045.0,2669107.0,18715050.0,52687.0,81323.0,798.0,279249.0,201326.0,28083.0,20941.0,20054.0,
2017,210364.0,51803.0,327495.0,123383.0,2819110.0,350004.0,268310.0,70774.0,134042.0,985665.0,566473.0,89428.0,72723.0,826817.0,351105.0,181846.0,161219.0,200715.0,239204.0,62040.0,394258.0,540786.0,505561.0,351416.0,110223.0,304946.0,47559.0,120517.0,158847.0,80900.0,595324.0,94267.0,1604133.0,538401.0,52472.0,645326.0,188368.0,226618.0,744290.0,58506.0,223111.0,49738.0,345949.0,1665631.0,167254.0,32209.0,509372.0,524814.0,73162.0,321987.0,37453.0,20235.0,13059.0,167390.0,122124.0,1468.0,642928.0,11527.0,2679.0,1386772.0,417721.0,41375.0,12150.0,35433.0,262077.0,4978.0,54723.0,495953.0,1863.0,12697.0,2362.0,37782.0,18081.0,17383.0,2052806.0,12128.0,58342.0,12356.0,3396.0,1773.0,22189.0,34997.0,1649934.0,2071.0,10079.0,277674.0,12062285.0,311796.0,1081.0,37615.0,8932.0,58654.0,38134.0,55201.0,22189.0,215914.0,329866.0,2767.0,524.0,80082.0,104296.0,236528.0,24928.0,12287.0,1919.0,26850.0,4452.0,75745.0,5373.0,252867.0,2591775.0,14924.0,1498.0,15080.0,3664511.0,58978.0,203493.0,1126.0,75620.0,10306.0,1350.0,3606.0,8409.0,23101.0,341718.0,139844.0,24457.0,2652245.0,1015292.0,430709.0,195473.0,335211.0,353253.0,1950703.0,14773.0,4859788.0,40766.0,162887.0,78689.0,186.0,1623901.0,7243.0,119533.0,7703.0,17069.0,30528.0,53394.0,2677.0,3284.0,30557.0,47645.0,62449.0,50559.0,11464.0,6230.0,318955.0,4858.0,15370.0,12764.0,208.0,4925.0,13259.0,1156953.0,363.0,9670.0,11426.0,4855.0,109709.0,12586.0,61386.0,13562.0,110.0,25181.0,833575.0,200470.0,13844.0,8135.0,376361.0,11308.0,398394.0,70598.0,304567.0,286.0,62284.0,22331.0,39009.0,214187.0,313620.0,526749.0,221280.0,104250.0,166929.0,211407.0,1579293.0,9140.0,841.0,1528.0,376.0,688586.0,20933.0,44120.0,1503.0,3729.0,338401.0,95821.0,48545.0,1284.0,4509.0,349433.0,3438.0,1317104.0,88013.0,942.0,1817.0,792.0,45944.0,3069.0,540545.0,680029.0,60043.0,574895.0,7144.0,53227.0,455322.0,2487.0,4801.0,470.0,22250.0,39817.0,852648.0,37926.0,40.0,26464.0,112125.0,377701.0,2640067.0,19519400.0,59546.0,58147.0,880.0,143841.0,220376.0,24561.0,25868.0,21890.0,
2018,221735.0,54734.0,348297.0,128418.0,2997732.0,371749.0,275726.0,73481.0,140660.0,1039236.0,592153.0,93797.0,77052.0,865310.0,366800.0,189701.0,168318.0,208087.0,257287.0,64856.0,412584.0,569488.0,527095.0,368852.0,114834.0,318921.0,50326.0,123977.0,169309.0,84463.0,622002.0,100296.0,1668866.0,563690.0,56082.0,675905.0,202554.0,239782.0,783167.0,60587.0,233929.0,52014.0,364104.0,1802511.0,178137.0,33256.0,532892.0,565831.0,77437.0,336294.0,39118.0,19630.0,15059.0,173757.0,105902.0,1611.0,519486.0,12433.0,2822.0,1420045.0,456166.0,46940.0,12425.0,37746.0,288424.0,5087.0,59643.0,532268.0,1925.0,14269.0,2582.0,40581.0,20162.0,18615.0,1867818.0,13568.0,65197.0,14138.0,3436.0,1979.0,24444.0,38712.0,1712479.0,2280.0,11051.0,298180.0,13368073.0,330974.0,1184.0,47099.0,11664.0,60464.0,43048.0,60805.0,24493.0,245226.0,352058.0,2923.0,533.0,85630.0,108398.0,249559.0,26057.0,13734.0,2007.0,30761.0,4711.0,80289.0,5524.0,274210.0,2780152.0,16875.0,1625.0,16209.0,3951340.0,65518.0,218230.0,1185.0,78461.0,12099.0,1429.0,3899.0,9658.0,23803.0,362721.0,161182.0,25965.0,2718732.0,1022454.0,446105.0,224228.0,382754.0,370588.0,2075856.0,15461.0,4971767.0,42291.0,172941.0,87928.0,189.0,1720489.0,7947.0,141646.0,8093.0,18120.0,34882.0,56372.0,2713.0,3248.0,40951.0,53302.0,69553.0,54545.0,12090.0,6901.0,358579.0,5328.0,17180.0,14560.0,214.0,5237.0,14210.0,1222053.0,372.0,11309.0,13009.0,5457.0,118534.0,14396.0,68668.0,14513.0,112.0,29040.0,914519.0,203127.0,13118.0,9299.0,398186.0,12670.0,434167.0,79277.0,314588.0,284.0,65055.0,23185.0,41854.0,225366.0,330910.0,585816.0,240901.0,101131.0,191362.0,239552.0,1657290.0,9510.0,862.0,1638.0,423.0,786522.0,23498.0,50509.0,1583.0,4082.0,364139.0,106573.0,54059.0,1378.0,4721.0,368135.0,4583.0,1427533.0,88901.0,980.0,1922.0,811.0,34282.0,3427.0,556073.0,705546.0,60043.0,589906.0,7520.0,56852.0,504928.0,2746.0,5358.0,488.0,22525.0,39895.0,771274.0,40761.0,42.0,28116.0,130857.0,414179.0,2828833.0,20580250.0,59651.0,50485.0,928.0,98437.0,241272.0,27591.0,26720.0,20997.0,
2019,230968.0,55406.0,366189.0,133180.0,3137469.0,390283.0,285640.0,75415.0,146194.0,1093350.0,616333.0,97281.0,80911.0,897123.0,377104.0,194788.0,173142.0,214671.0,263856.0,67518.0,428338.0,595558.0,541550.0,380854.0,118779.0,332082.0,52169.0,127036.0,177614.0,88595.0,644841.0,104001.0,1731910.0,587711.0,57036.0,698458.0,206058.0,251604.0,813513.0,63541.0,246308.0,53305.0,380137.0,1886956.0,188501.0,34785.0,554211.0,599607.0,78189.0,347306.0,39646.0,18734.0,15418.0,172781.0,91527.0,1688.0,445469.0,13444.0,2903.0,1376255.0,447718.0,47171.0,12664.0,38184.0,317465.0,5189.0,62572.0,517609.0,2001.0,14374.0,2842.0,42401.0,20106.0,18690.0,1847020.0,12455.0,66250.0,14593.0,3573.0,2013.0,26730.0,38632.0,1730914.0,2321.0,11026.0,294237.0,14140163.0,327895.0,1179.0,48994.0,11576.0,61021.0,44439.0,60702.0,24280.0,246953.0,347176.0,3166.0,593.0,89475.0,107914.0,302256.0,26871.0,12142.0,2110.0,31038.0,4657.0,91166.0,5708.0,269654.0,2707074.0,16877.0,1773.0,15925.0,3863344.0,67077.0,214012.0,1238.0,81318.0,13368.0,1397.0,4121.0,8819.0,24449.0,372989.0,170407.0,23918.0,2935570.0,1111713.0,458500.0,224462.0,384940.0,387717.0,1988636.0,15702.0,5154475.0,44172.0,170326.0,98607.0,184.0,1629532.0,7996.0,137591.0,8261.0,19127.0,35045.0,58565.0,2741.0,3222.0,33018.0,53641.0,69453.0,55136.0,12550.0,7522.0,365303.0,5786.0,17647.0,14859.0,220.0,5651.0,14391.0,1274175.0,381.0,11688.0,13637.0,5424.0,119040.0,15093.0,65994.0,14368.0,108.0,29813.0,902355.0,204671.0,12528.0,9443.0,446543.0,12672.0,417627.0,76609.0,284214.0,291.0,68536.0,23587.0,40714.0,228989.0,356814.0,565854.0,236408.0,99913.0,191849.0,243698.0,1637892.0,10209.0,905.0,1591.0,430.0,779289.0,23940.0,51523.0,1644.0,4229.0,362818.0,106552.0,54154.0,1440.0,4958.0,358839.0,3681.0,1397870.0,86566.0,1032.0,1992.0,856.0,30873.0,3774.0,528929.0,715360.0,60043.0,586104.0,8151.0,62224.0,529177.0,2938.0,5502.0,488.0,22607.0,38732.0,743708.0,46674.0,42.0,30666.0,150401.0,405771.0,2743586.0,21439453.0,59918.0,60490.0,951.0,70140.0,261637.0,29855.0,23946.0,12818.0,
2020,228062.0,50413.0,378297.0,130709.0,3120386.0,394271.0,283601.0,76468.0,144653.0,1111614.0,627667.0,89866.0,85552.0,875671.0,379293.0,195353.0,175465.0,213169.0,244577.0,67129.0,427616.0,590307.0,524828.0,379388.0,115900.0,325841.0,51934.0,129761.0,175509.0,86319.0,625659.0,100777.0,1705127.0,594126.0,54044.0,683460.0,186883.0,253849.0,788500.0,61081.0,245473.0,55243.0,369063.0,1772132.0,198630.0,33278.0,557986.0,632013.0,74511.0,344500.0,36000.0,19006.0,14034.0,147323.0,62724.0,1389.0,382760.0,12813.0,2288.0,1334688.0,432894.0,41666.0,11560.0,34624.0,317768.0,4630.0,57708.0,503416.0,1556.0,15292.0,2587.0,38938.0,18893.0,15872.0,1363767.0,10647.0,67917.0,16082.0,3131.0,1870.0,26316.0,39036.0,1600264.0,2321.0,10510.0,245414.0,14860775.0,264933.0,1200.0,46062.0,9964.0,59645.0,61502.0,56768.0,23246.0,241975.0,339626.0,3408.0,545.0,77883.0,93078.0,361875.0,24784.0,10028.0,2075.0,30468.0,3848.0,95588.0,3932.0,267856.0,2551451.0,15145.0,1806.0,16315.0,3780553.0,67337.0,194376.0,1074.0,76191.0,14238.0,1392.0,6806.0,8347.0,23984.0,341319.0,149939.0,20805.0,2592583.0,1088768.0,610662.0,178112.0,399064.0,383425.0,1848222.0,14228.0,4910580.0,42609.0,165730.0,101048.0,194.0,1586786.0,7484.0,108656.0,7480.0,18653.0,33015.0,18734.0,1906.0,3068.0,21805.0,55064.0,68613.0,26348.0,14199.0,8330.0,336330.0,4712.0,17685.0,14290.0,225.0,7428.0,11341.0,1040372.0,395.0,11241.0,13385.0,4943.0,112220.0,14557.0,70890.0,10252.0,114.0,32158.0,886339.0,193545.0,11905.0,12971.0,442976.0,12510.0,366386.0,62305.0,0.0,251.0,60286.0,23283.0,35606.0,195761.0,367362.0,580894.0,221716.0,93968.0,147791.0,248624.0,1464078.0,10428.0,829.0,1410.0,417.0,680897.0,24409.0,51999.0,1198.0,4140.0,337451.0,101892.0,51802.0,1551.0,4918.0,282588.0,4177.0,1247464.0,81120.0,871.0,1770.0,777.0,32576.0,2538.0,529054.0,707868.0,60043.0,635547.0,7898.0,64123.0,509200.0,1920.0,5719.0,503.0,22718.0,39226.0,649436.0,47986.0,45.0,37733.0,142250.0,353899.0,2638296.0,20807269.0,54135.0,59771.0,864.0,48610.0,340602.0,14750.0,20948.0,18909.0,14002.0
